-- phpMyAdmin SQL Dump
-- version 5.2.1
-- https://www.phpmyadmin.net/
--
-- Host: 127.0.0.1
-- Generation Time: May 20, 2026 at 07:35 AM
-- Server version: 10.4.32-MariaDB
-- PHP Version: 8.2.12

SET SQL_MODE = "NO_AUTO_VALUE_ON_ZERO";
START TRANSACTION;
SET time_zone = "+00:00";


/*!40101 SET @OLD_CHARACTER_SET_CLIENT=@@CHARACTER_SET_CLIENT */;
/*!40101 SET @OLD_CHARACTER_SET_RESULTS=@@CHARACTER_SET_RESULTS */;
/*!40101 SET @OLD_COLLATION_CONNECTION=@@COLLATION_CONNECTION */;
/*!40101 SET NAMES utf8mb4 */;

--
-- Database: `db_library_site`
--

-- --------------------------------------------------------

--
-- Table structure for table `admin_permissions`
--

CREATE TABLE `admin_permissions` (
  `permission_id` int(11) NOT NULL,
  `admin_id` int(11) NOT NULL,
  `page_name` varchar(100) NOT NULL,
  `can_access` tinyint(1) DEFAULT 0,
  `created_at` timestamp NOT NULL DEFAULT current_timestamp()
) ENGINE=InnoDB DEFAULT CHARSET=utf8mb4 COLLATE=utf8mb4_persian_ci;

--
-- Dumping data for table `admin_permissions`
--

INSERT INTO `admin_permissions` (`permission_id`, `admin_id`, `page_name`, `can_access`, `created_at`) VALUES
(5, 23, 'admin_panel', 1, '2026-05-18 15:50:43'),
(6, 23, 'list_comments', 1, '2026-05-18 15:50:43'),
(7, 23, 'list_book', 1, '2026-05-18 15:50:43'),
(8, 23, 'list_categories', 1, '2026-05-18 15:50:43'),
(9, 23, 'list_messages', 1, '2026-05-18 15:50:43');

-- --------------------------------------------------------

--
-- Table structure for table `ai_chats`
--

CREATE TABLE `ai_chats` (
  `chat_id` int(11) NOT NULL,
  `user_id` int(11) NOT NULL,
  `message` text NOT NULL,
  `response` text NOT NULL,
  `created_at` timestamp NOT NULL DEFAULT current_timestamp()
) ENGINE=InnoDB DEFAULT CHARSET=utf8mb4 COLLATE=utf8mb4_persian_ci;

--
-- Dumping data for table `ai_chats`
--

INSERT INTO `ai_chats` (`chat_id`, `user_id`, `message`, `response`, `created_at`) VALUES
(11, 14, 'کتاب های تاریخی رو بهم معرفی کن', 'سلام حسین عزیز! خوشحالم که به تاریخ علاقه داری. چند تا از کتاب‌های تاریخی موجود در فروشگاه رو برات لیست کردم:\n\n📖 کتاب تاریخ بیهقی - ابوالفضل بیهقی | تاریخی | 240000T\n<a href=\'/new-web/user/book_details.php?id=33\' target=\'_self\' style=\'color:#fbbf24;text-decoration:none;font-weight:bold;border-bottom:1px dashed #fbbf24;\'>📖 مشاهده کتاب</a>\n\n📖 کتاب تاریخ مختصر جهان - ارنست گامبریچ | تاریخی | 50000T\n<a href=\'/new-web/user/book_details.php?id=26\' target=\'_self\' style=\'color:#fbbf24;text-decoration:none;font-weight:bold;border-bottom:1px dashed #fbbf24;\'>📖 مشاهده کتاب</a>\n\n📖 کتاب کوروش کبیر - ساموئل ویلارد کرامپتون | تاریخی | 19900T\n<a href=\'/new-web/user/book_details.php?id=25\' target=\'_self\' style=\'color:#fbbf24;text-decoration:none;font-weight:bold;border-bottom:1px dashed #fbbf24;\'>📖 مشاهده کتاب</a>\n\n📖 کتاب انقلاب تصورناپذیر در ایران - چارلز کورزمن | تاریخی | 75000T\n<a href=\'/new-web/user/book_details.php?id=31\' target=\'_self\' style=\'color:#fbbf24;text-decoration:none;font-weight:bold;border-bottom:1px dashed #fbbf24;\'>📖 مشاهده کتاب</a>\n\nاگر سوال دیگه‌ای داشتی یا خواستی جزئیات بیشتر رو بدونی، من در خدمتم! 📚', '2026-05-18 15:29:46'),
(12, 23, 'سلام کتاب های مربوط به موسیقی ارزون هستم', 'سلام علی عزیز، خوشحالم که می‌تونم کمکت کنم. 😊\n\nبا توجه به بودجه شما، این دو کتاب موسیقی گزینه‌های مناسب و ارزونی هستند:\n\n📖 کتاب نت‌خوانی - هالی دی | موسیقی | 33000T\n<a href=\'/new-web/user/book_details.php?id=49\' target=\'_self\' style=\'color:#fbbf24;text-decoration:none;font-weight:bold;border-bottom:1px dashed #fbbf24;\'>📖 مشاهده کتاب</a>\n\n📖 کتاب آموزش آسان پیانو - آیلین آگاهی | موسیقی | 67500T\n<a href=\'/new-web/user/book_details.php?id=53\' target=\'_self\' style=\'color:#fbbf24;text-decoration:none;font-weight:bold;border-bottom:1px dashed #fbbf24;\'>📖 مشاهده کتاب</a>\n\nهر کدوم رو بیشتر دوست داری؟', '2026-05-18 16:26:16');

-- --------------------------------------------------------

--
-- Table structure for table `books`
--

CREATE TABLE `books` (
  `book_id` int(11) NOT NULL,
  `name` varchar(100) NOT NULL,
  `author` varchar(100) NOT NULL,
  `publication_year` year(4) NOT NULL,
  `image` varchar(255) NOT NULL,
  `category_id` int(11) DEFAULT NULL,
  `price` int(11) NOT NULL,
  `caption` text DEFAULT NULL,
  `created_at` timestamp NOT NULL DEFAULT current_timestamp(),
  `description` text DEFAULT NULL
) ENGINE=InnoDB DEFAULT CHARSET=utf8mb4 COLLATE=utf8mb4_persian_ci;

--
-- Dumping data for table `books`
--

INSERT INTO `books` (`book_id`, `name`, `author`, `publication_year`, `image`, `category_id`, `price`, `caption`, `created_at`, `description`) VALUES
(24, 'کتاب نادرشاه', 'صادق رضازاده شفق', '2022', 'uploads/4794823394624227.jpg', 4, 69000, 'کتاب نادرشاه نوشته‌ی صادق رضازاده شفق سرگذشت‌نامه‌ای درباره‌ی پایه‌گذار سلسله‌ی افشاریه است. ', '2025-02-27 14:45:57', 'زمانی‌که نادرشاه افشار ظهور کرد و نام خود را برای همیشه در تاریخ ایران جاودانه باقی گذاشت، کشورمان رو به انحطاط و نظام شاهنشاهی آن از هم پاشیده بود. سلسله‌ی صفوی، به واسطه‌ی فساد، تفرقه‌افکنی‌های پیاپی درباریان و بی‌کفایتی آخرین حکمران، رو به افول داشت و عشایر یاغی با تسلط بر امور، به جان و مال مردم دست‌درازی می‌کردند و آرامش را به‌کلی از بین برده بودند. از دیگر سو، دولت تزاری روس و دولت عثمانی که مدت‌ها چشم به خاک ایران داشتند، از فرصت به‌دست‌آمده نهایت استفاده را کرده و کشورمان را به تصرف خود درآورده بودند. در چنین اوضاع و شرایط وخیمی که حقیقتاً با حمله‌ی مغول به ایران برابری می‌کرد، به تاریخ 28 محرم 1100 هجری یک نوزاد کوهستانی گمنام، یعنی نادرقلی، متولد شد. هیچ‌کس نمی‌توانست پیش‌بینی کند که بعدها نادرقلی، ناجی وطن خود، ایران خواهد شد.\r\n\r\nطایفه‌ی اجدادی نادر، قرقلوی افشار نام داشتند و درست مثل دیگر قبایل، ییلاق و قشلاق می‌کردند و زندگی‌شان کاملاً بدوی بود. مورخان، زمان دقیق تاج‌گذاری شاهانه‌ی نادر را 24 شوال 1148 ذکر کرده‌اند و وفات او نیز در تاریخ 11 جمادی‌الآخر 1160 ثبت شده است. نادرشاه تمام عمر 60 ساله‌ی خود تا زمان به قتل رسیدنش را به فعالیت‌های مستمر و اقدامات خارق‌العاده گذراند. در دوره‌ی سلطنت او حوادث تاریخی بسیار مهمی برای ایران رخ داد که صادق رضازاده افشاری تمامی آن‌ها را با رجوع به منابع معتبر و به‌صورت جزئی‌نگرانه و دقیق در کتاب نادرشاه گردآوری و بیان کرده است.\r\n\r\nبا استناد به کتاب‌های تاریخی، نادرشاه، مردی تندرست، قوی و شجاع بوده و درایت نظامی بسیار بالایی نیز داشته، تا جایی که او را یکی از نوابغ نظامی ایران می‌دانند. همین صفات و ویژگی‌ها او را به یکی از بزرگ‌ترین کشورگشایان ایران و حتی جهان بدل کرد که نامش تا ابد بر صفحات کتب تاریخی ایرانیان و غیرایرانیان می‌درخشد. اما با تمام این تفاصیل، نادرشاه نیز همچون دیگر افراد مهم تاریخ و درست مثل دیگر انسان‌ها، معایب رفتاری خاص خود را داشت. از جمله عیب‌های او می‌توان به قساوت و سنگدلی‌ای اشاره کرد که در اواخر عمر و به خصوص بعد از نابینا شدن فرزندش، رضاقلی، به‌خرج می‌داد. اما بنا بر گفته‌های تاریخ‌دانان، تمامی خصایل و رفتارهای عجیب نادر، دلایل و عللی داشته‌اند که صادق رضازاده شفق در کتاب نادرشاه به آن‌ها اشاره کرده است. برای آشنایی بیشتر با این شاه بزرگ ایرانی و پی بردن به حقیقت تمامی وقایع دوره‌ی زندگانی او، می‌توانید به کتاب پیش رو مراجعه کنید که در عین خلاصه و مفید بودن، منبعی بسیار جامع و کامل است و نویسنده‌اش در بررسی دقیق و ذکر جزئیات هیچ واقعه‌ی مهمی از دوره‌ی سلطنت نادرشاه کوتاهی نکرده است.\r\n\r\nانتشارات ارس کتاب نادرشاه را منتشر کرده و در اختیار خوانندگان علاقه‌مند قرار داده است.\r\n\r\nکتاب ناردشاه برای چه کسانی مناسب است؟\r\nاگر به تاریخ ایران و بررسی سلسله‌های شاهنشاهی ایرانی علاقه‌مند هستید یا دوست دارید شرحی تاریخی و مستند را از زندگی نادرشاه افشار بخوانید، پیشنهاد می‌کنیم مطالعه‌ی کتاب نادرشاه را از دست ندهید.\r\n\r\nدر بخشی از کتاب نادرشاه می‌خوانیم\r\nسخنی در باب نادرشاه افشار\r\n\r\nاز سوانح بزرگ که در تاریخ ایران کهن تأثیری عظیم نمود و مانند عبور کشتی‌های کوه‌پیکر که اقیانوسی را متلاطم می‌سازد سراسر کشور ما را معروض تحولات ساخت و ملت ایران را بار دیگر از گرداب امواج مهیب حوادث عبور داد و فتنه‌ها برپا کرد، ویرانی‌ها به وجود آورد و خون‌ریزی‌های فجیع را سبب شد ولی سرانجام ملت ایران از چنان هنگامه‌ی طاقت‌فرسای جان‌گداز آزاد و پیروزمند، گرچه فرسوده و دردمند، درآمد، همانا ظهور یک مرد دلاور شجاع کشورگشا به نام نادرشاه بود.\r\n\r\nایران بزرگ در آن دوره رو به انحطاط نهاده و مشعل شاهنشاهی عظیم آن رو به خاموشی گذاشته و شکوه دولت توانای سلاله‌ی صفوی در نتیجه‌ی ظهور فساد و تفرقه و ناتوانی آخرین حکمران خاندان رو به افول نهاده و کشور زیر استیلای عشایر یاغی رفته بود. مدعیانی در اطراف و اکناف علم طغیان برافراشته و دولت‌های قوی‌دست متجاوز خارجی مانند دولت تزاری روسیه و دولت عثمانی ایالات غربی ما را تحت تصرف خود درآورده بودند. در داخله اشرار عشایر و مدعیان و گردن‌کشان مسلط به جان و مال مردم شده بودند.\r\n\r\nدر چنین دوره‌ای تقدیر الهی خواست وضع ناگوار ایران که بی‌شباهت به وضع بعد از تاخت و تاز مغول خون‌خوار نبود، دگرگون شود، پس خدای بزرگ بار دیگر به یاری ملت ایران برخاست و جوان کوهستانی گمنام یعنی نادرقلی (به معنی بنده‌ی خدای بی‌همتا) پسر امام‌قلی (به معنی بنده‌ی امام) در پای کوهستان الله‌اکبر دره‌گز پا به عرصه‌ی زندگی نهاد. در آن دوران کسی نمی‌توانست پیش‌بینی کند که این جوان ساده‌ی خانه‌بردوش عشایری چنان تأثیری عظیم در طالع وطنش ایران خواهد نمود.'),
(25, 'کتاب کوروش کبیر', 'ساموئل ویلارد کرامپتون', '2020', 'uploads/3003783715986195.jpg', 4, 19900, ' کتاب کوروش کبیر از ساموئل ویلارد کرامپتون یک کتاب نسبتاً مختصر و آموزنده درباره‌ی این شخصیت کاریزماتیک و قدرتمند ایران باستان است.', '2025-02-27 14:53:07', 'بی‌راه نیست اگر کوروش را یکی از معدود شخصیت‌هایی بنامیم که افسانه‌ها و حقایق درباره‌ی شخصیت او آنچنان درهم پیچیده‌اند که قابل تفکیک نیستند. کوروش پادشاه محبوب ایرانیان است و در حافظه‌ی تاریخی آنان بر قله‌ی افتخار ایستاده. مورخان و محققان داخلی و خارجی بسیار از او نوشته‌اند و هرکس تلاش کرده است تا با استناد به شواهد تاریخی و آثار باقی‌مانده از تمدن هخامنشی به این شخصیت نزدیک شود. بسیاری از آنانی که از تاریخ باستانی ایران و علی‌الخصوص این شخصیت نوشته‌اند، مدعی نگاهی نو و زاویه‌دیدی جدید بوده‌اند؛ گروهی نیز بی‌آنکه به‌دنبال پاسخ دادن به پرسشی خاص باشند، کتابی مروری تدوین می‌کنند تا اطلاعات به‌دست‌آمده از یک جریان علمی-تاریخی را سامانی دوباره ببخشند تا مگر مخاطبان بیشتری به تاریخ بشر علاقه‌مند شوند. نکته‌ی مهم کتاب‌های مروری در جامعیت آن‌ها و تلاش مضاعفشان برای امانت‌داری مطالب از منابع درجه یک است.\r\n\r\nبسیاری از محققان حوزه‌ی تاریخ باستان و تاریخ‌نویسان، به سبب شیفتگی‌ یا نفرتی که نسبت به تمدن‌های اولیه دارند، در شرح و ثبت وقایع دچار جانبداری‌اند. قدرت و کاریزمای شخصیت کوروش بسیاری را تحت تأثیر قرار داده است و بسیاری به دلایل تاریخی سعی در تخریب شخصیت‌های افسانه‌ای داشته‌اند. از میان نوشته‌ها، منابع متصل به تمدن یونانی و رومی کوروش را در قامت ضدقهرمانی مهیب کرده‌اند و بیشتر نوشته‌های خود را به شرح جنگ‌های او اختصاص داده‌اند. انجیل کوروش را به سبب الطافش نسبت به قوم یهود، ناجی آن‌ها دانسته و آزاداندیشی او را در رابطه با ادیان ستوده است. از میان متون معاصر، کتاب شاهنشاهی هخامنشی از ماریو بروسیوس به‌عنوان متنی علمی و درعین حال به‌دور از جانبداری و نگاه سوءگیرانه شناخته می‌شود. در بازخوانی کتاب‌های تاریخی، نگاه مولف نقش محوری ایفا می‌کند؛ نکته‌ای که در رابطه با کتاب کرامپتون نیز باید در نظر داشت.\r\n\r\nنویسنده‌ی کتاب کوروش کبیر، ساموئل ویلارد کرامپتون، استاد تاریخ است و به نوشتن کتاب‌های بیوگرافی از شخصیت‌های اثرگذار تاریخ، مانند اسکندر مقدونی و نلسون ماندلا شهرت دارد. کتاب‌های او در دسته‌بندی کتاب‌های تخصصی تاریخ قرار نمی‌گیرند و برای مخاطب عام تاریخ و عموم علاقه‌مندان مفیدند. کتاب کوروش کتابی خوش‌خوان است و لحن قصه‌گوی آن خواندنش برای مخاطب آسان‌تر هم خواهد کرد اما چنانچه مخاطبی به جزییات تاریخی سرگذشت این شخصیت و زمانه‌ی او آگاهی داشته باشد، ممکن است با بخشی از نظرات کرامپتون موافق نباشد.\r\n\r\nکتاب کوروش کبیر با ترجمه‌ی آناهیتا هنرآسا در نه فصل به همت نشر نبض دانش منتشر شده است.\r\n\r\nکتاب کوروش کبیر برای چه کسانی مناسب است؟\r\nاین کتاب برای همه‌ی مخاطبانی است که به تاریخ ایران قبل از اسلام علاقه دارند و درصددند که اطلاعات عمومی خود را از طریق خواندنی کتابی آسان و قصه‌گو ارتقا ببخشند.\r\n\r\nدر بخشی از کتاب کوروش کبیر می‌خوانیم\r\nشکی نیست که رفتار کورش با فاتحان پیش از او متفاوت بوده و آنچه در کتیبه‌اش از آن با افتخار سخن گفته، دوری از کشتار و خونریزی و ورودِ بدون نبرد به بابل است. بنابراین، رفتار کورش با مردم شکست‌خورده را می‌توان به نوعی یک دستاورد مهم تاریخی به شمار آورد.\r\n\r\nکورش تنها کسی است که در کتاب عهد عتیق از او با عنوان «مسیح» یا نجات‌دهنده نام برده شده. همچنین مولانا ابوالکلام آزاد (1958-1888)، سیاست‌مدار و فیلسوف هندی، این نظر را ارائه داد که بر اساس آن، فرمانروای دادگری که در قرآن از او با عنوان ذوالقرنین (به معنی دارنده‌ی دو شاخ) یاد شده است، درواقع همان کورش است و نه اسکندر مقدونی. حکومتی که کوروش بزرگ به‌وجود آورد، بر پایه‌ی احترام به فرهنگ مردمان دیگر بنا شد. فرمانروایان هخامنشی پس از کوروش، با داشتن کشوری با نژادها، زبان‌ها و فرهنگ‌های گوناگون به خود می‌بالیدند و در کتیبه‌هایشان با افتخار از آن یاد میکردند . متأسفانه در دوران معاصر پیام استوانه‌ی کوروش، گاه مورد تحریف نیز قرار گرفته است و برخی درصدد کمرنگ کردن شخصیت کوروش و دستاوردهایش برآمده‌اند.'),
(26, 'کتاب تاریخ مختصر جهان', 'ارنست گامبریچ', '2024', 'uploads/2032962283159912.jpg', 4, 50000, 'بیخود نیست که کتاب تاریخ مختصر جهان یکی از محبوب‌ترین و پرفروش‌ترین کتاب‌های تاریخ جهان است. این کتاب که اولین بار به زبان آلمانی و توسط ارنست گامبریچ به نگارش درآمد، گزارشی جذاب، مختصر، ساده، روان و دقیق از تاریخ تمدن بشر است. ', '2025-02-27 15:00:04', 'ارنست گامبریچ (Ernst Gombrich) کتاب تاریخ مختصر جهان (A Little History of the World) را با اذعان به این نکته آغاز می‌کند که تمام داستان‌ها با «روزی روزگاری» شروع می‌شوند. اما ربط این مسئله به تاریخ جهان چیست؟ خب گامبریچ در این کتاب می‌خواهد داستان انسان را برای شما تعریف کند. داستان بشر از روزهایی که تازه می‌توانست روی دو پایش بایستد، تازه شروع به خواندن و نوشتن کرد تا روزهایی که علم و تکنولوژی را چنان پیش برد که دیگر برای جابه‌جایی نیازی به استفاده از پاهایش نداشت.\r\n\r\nارنست گامبریچ به ما یادآوری می‌کند که هر کسی و هر چیزی گذشته و تاریخی دارد. شما از زمانی که به دنیا آمده‌اید شروع به نوشتن تاریخ خودتان کرده‌اید و هر زمان که خاطره‌ای را یادآوری می‌کنید یا به مرور گذشته می‌پردازید در واقع دارید تاریخ خودتان را روایت می‌کنید. اما هر «روزی و روزگاری» را نمی‌توان جزو تاریخ به حساب آورد. از نظر ارنست گامبریچ هر موقع که بپرسید «این اتفاق دقیقاً چطور رخ داد؟» دارید سوالی تاریخی می‌پرسید، درباره‌ی تاریخ ما، داستان ما و روایتی که میلیون‌ها سال است داریم به کمک هم می‌نویسیم و سینه به سینه نقل می‌کنیم.\r\n'),
(27, 'کتاب تاریخ واقعی ', 'حسن احمدی کرویق', '2019', 'uploads/3800616778932896.jpg', 4, 15000, 'کتاب تاریخ واقعی ظهور زرتشت بر مبنای یافته‌های جغرافیایی، نوشته‌ی حسن احمدی کرویق، یک پژوهش تاریخی است که با بررسی یافته‌های جغرافیایی از منطقه‌ی سیستان و جغرافیای تطبیقی کتاب اوستا، سرزمین زرتشت و تاریخ حقیقی ظهور او را به اثبات رسانده؛ موضوعی که شاید مدت‌ها در پشت پرده‌ای از ابهام پنهان بوده است. ', '2025-02-27 15:01:32', 'حسن احمدی کرویق، کتاب تاریخ واقعی ظهور زرتشت بر مبنای یافته‌های جغرافیایی را با کوشش و کار میدانی مداوم و در بیست سال به سرانجام رسانده است. مؤلف از زمانی که تحقیقات خود را آغاز کرد، بر این باور بود که نباید تحت‌ثأثیر نوشته‌ی دیگر محققان و دانشمندان قرار بگیرد یا به آنان استناد و برای تأیید فرضیه‌های اصلی خود از آن‌ها استفاده کند؛ چراکه نظریه‌های آنان حاکی از اختلاف‌نظرهای بسیاری است. از اختلاف هشت‌هزارساله در خصوص تاریخ تولد زرتشت گرفته تا سرزمین او که از جنوب تا شمال و از شرق تا غرب ایران کهن را در بر می‌گیرد. با این احتساب، تعجب‌آور نیست که مؤلف این کتاب تمایلی به استناد به اختلافاتی که از ثری تا ثریاست ندارد...\r\n\r\nاو بیان می‌کند که در ابتدا، کار بسیار مبهم بوده؛ اما وقتی ایده‌ی جغرافیای تطبیقی به میان آمده به ناگاه نوشته‌های اوستا و متون پهلوی همچون جنگ‌های افراسیاب و زرتشت که ابتدا بی‌معنی به نظر می‌رسیدند، مفهوم پیدا کرده و به قول خود نویسنده همه چیز مانند یک تکه بلور روشن و واضح شده است! او پس از دست‌یابی به این نتیجه‌ی مهم، ارتباط سرزمین زرتشت را با سیستان یافته و به وسیله‌ی جغرافیای تطبیقیِ منطقه‌ی سیستان و اوستا، سیستان را به عنوان سرزمین زرتشت به اثبات رسانده است.'),
(28, 'کتاب ظهور و سقوط اتحاد شوروی', 'جان آر. ماتیوز', '2023', 'uploads/3265656682097670.jpg', 4, 45000, 'کتاب ظهور و سقوط اتحاد شوروی با زمینه‌های وقوع انقلاب 1917 روسیه آغاز می‌شود. جان آر. ماتیوز سعی داشته با نگاهی کم‌وبیش بی‌طرفانه تاریخ اتحاد جماهیر شوروی را طی حکمرانی لنین، استالین، خروشچف، برژنف و گورباچف توصیف کند.', '2025-02-27 15:02:57', 'اتحاد جماهیر شوروی تقریباً هفتاد سال پابرجا بود. این قلمرو زمانی بزرگ‌ترین سرزمین جهان به شمار می‌رفت و وسعتی بیشتر از 22 میلیون کیلومتر مربع داشت و متشکل از 15 جمهوری سوسیالیستی بود و 290 میلیون نفر از قومیت‌ها و ملیت‌های مختلف در آن زندگی می‌کردند. اتحاد جماهیر شوروی ارتش آلمان را در جنگ جهانی دوم به زانو درآورد و اولین انسان را به فضا فرستاد. پس شوروی چگونه در 31 دسامبر 1991 سقوط کرد و به کشورهای متعدد تجزیه شد؟ شاید بد نباشد برای رسیدن به پاسخ این سؤال، نگاهی مختصر به 70 سال تاریخچه‌ی اتحاد جماهیر شوروی بیندازیم. یکی از بهترین منابع برای درک بهتر این دوران، کتاب ظهور و سقوط اتحاد شوروی (The Rise and Fall of the Soviet Union) است.'),
(29, 'کتاب نگهبانان ایران', 'حسین دهقان منشادی', '2023', 'uploads/6861864659721340.jpg', 4, 39000, 'کتاب نگهبانان ایران روایت‌گر ایستادگی مردمان این سرزمین از زمان حمله‌ی مغول تا پایان سلسله‌ی افشاریه است. کتاب حاضر به کوشش ذبیح‌الله صفا بر ژرفنای تاریخ جاری گشته و توسط حسین دهقان منشادی گردآوری شده است. این اثر تاریخی، شما را با سرگذشت خونین مبارزان ایرانی آشنا خواهد کرد.', '2025-02-27 15:05:19', 'کمان آرش بالا رفت و تیر را به دورترین نقطه‌ای که چشم آدمی توان دیدنش را داشت، بینداخت. مرز ایران‌زمین کنار مرز تورانیان ترسیم شد و جان از تن آرش برون رفت، اما این جان‌فشانی کافی نبود. این خاک گران‌بها، خواستار خون سیاوش، جان آریوبرزن و رنج جلال‌الدین خوارزمشاه بود. دشمنان از نخستین روزی که ایران بر جهان نقش بسته، چشم طمع بر آن دوخته‌اند و از بیگانگان بدتر، حاکمان آن هستند؛ حاکمانی که در روزهای صلح، جان مردم را به هیچ می‌شمارند و از زر و سیمی که هدیه‌ی وطن به مردمانش است، سهمی به ملت نمی‌دهند؛ اما به‌وقت جنگ، به اسب تیزپای خود پناه می‌برند، فرار را بر قرار ترجیح می‌دهند و حفظ سرزمین ویران شده را بر گردن مردم می‌گذارند. تاریخ ایران مملو از بی‌کفایتی پادشاهان، نفوذ دشمنان و خیانت درباریان است و مردم نیز چاره‌ای نداشته و ندارند تا در برابر دشمنان با دستان خالی ایستادگی کنند، رنج ببرند و مرگ را همچون جام عسل بنوشند. کتاب نگهبانان ایران روایتگر گوشه‌ای از دردهای ملت ایران از زمان حمله‌ی مغول تا پایان سلسله‌ی افشاریه است؛ مردمی که جان خود را برای حفظ وطن، در طبق اخلاص گذاشتند. ذبیح‌الله صفا که تاریخ ایران را از خطر تبعید شدن به سرزمین فراموشی، نجات داده، اطلاعات و متن کتاب نگهبانان ایران را تحریر و پس از او، حسین دهقان منشادی، این مطالب را جمع‌آوری و به شکل کتاب حاضر گردآوری کرده است.'),
(30, 'کتاب جنگ جهانی اول', 'رابرت گرین', '0000', 'uploads/4740319975396897.jpg', 4, 59000, 'کتاب جنگ جهانی اول شرح جنگی است که می‌خواست به همه‌ی جنگ‌ها پایان دهد و جهان را در صلح و آرامش فرو ببرد؛ اما مهم‌ترین عامل رخ دادنِ دومین جنگ جهانی شد! شاید ما درباره‌ی جنگ جهانی دوم چیزهای زیادی بدانیم؛ اما احتمالاً اطلاعاتمان درباره‌ی جنگ جهانی اول به زمان شروع و پایان آن محدود می‌شود. این اثر از رابرت گرین را بخوانید تا اطلاعات بیشتری از این جنگ بزرگ به دست آورید.', '2025-02-27 15:06:56', 'برای اولین بار در تاریخ بین سال‌های 1914 تا 1918 جنگی رخ داد که بیش از 30 کشور در آن درگیر بودند و جنگ جهانی نام گرفت. کشورهای فرانسه، انگلیس، صربستان، روسیه، ایتالیا و آمریکا در یک طرف قرار داشتند و سرزمین‌های آلمان، اتریش-مجارستان، بلغارستان و امپراتوری عثمانی در سوی دیگر بودند. الان دیگر از امپراتوری عثمانی و اتریش-مجارستان اثری نیست و همین موضوع نشان می‌دهد که جنگ جهانی اول چگونه همه چیز را تغییر داد. این جنگ در ابتدا یک درگیری کوچک در جنوب شرقی اروپا بود؛ اما رفته‌رفته آتش این جنگ به دامان دیگر کشورها افتاد. در کتاب جنگ جهانی اول (World War I) می‌خوانید که چگونه چنین فاجعه‌ای، توازن قدرت را در دنیا دگرگون کرد.\r\nرابرت گرین (Robert Green) در پیشگفتار کتاب به چرایی شروع چنین رخدادی می‌پردازد. شاید بدانید که ترور شاهزاده‌ی اتریش-مجارستان آتش جنگ میان قدرت‌های اروپایی را برافروخت. گرین فلسفه‌بافی را از همان ابتدا کنار می‌گذارد و جواب سؤال چرایی جنگ جهانی اول را به خواننده واگذار می‌کند. او معتقد است که اغلب سربازان در جنگ هم نمی‌دانستند چرا وارد این نبرد مهیب شده‌اند و از هیچ چیز آگاه نبودند؛ آن‌ها فقط در آن‌جا بودند چون باید آن‌جا می‌بودند!\r\n\r\nدر زمان شروع جنگ جهانی اول، کشور آلمان به یکی از بزرگ‌ترین قدرت‌های جهان تبدیل شده بود. این سرزمین که همیشه در سایه‌ی کشورهایی چون بریتانیا و فرانسه روزگار می‌گذراند، قصد داشت از این دو پیشی بگیرد و قدرت خود را تثبیت کند. بعد از قتل ولیعهد اتریش-مجارستان، امپراتور آلمان فرصت یافت که جنگ با دیگر کشورها را آغاز کند. ارتش آلمان ابتدا به بلژیک و لوکزامبورگ حمله کرد و با واکنش فرانسه روبه‌رو شد. در فصل اول بیشتر به نبردهای میان فرانسه و آلمان پرداخته می‌شود. فصل دوم درباره‌ی نبردهای هوایی و دریایی است. نیروی دریایی انگلیس در آن‌زمان بلامنازع تلقی می‌شد؛ اما ناوگان دریایی آلمان خود را برای نبرد با این قدرت عظیم آماده کرده بود. برای اولین بار در طول تاریخ، کشورها از بمباران هوایی برای کشتن غیرنظامیان استفاده کردند. خیلی زود چنین اقدامی به روند اصلی جنگ‌ جهانی اول و دیگر جنگ‌ها تبدیل شد.\r\n\r\nهمانطور که در ابتدا اشاره کردیم، امپراتوری عثمانی در جریان جنگ جهانی تضعیف شد و به کشورهای کوچک‌تر تجزیه گشت. رابرت گرین در فصل سوم کتاب جنگ جهانی اول، موضوع جنگ در خاورمیانه را پی می‌گیرد. متفقین تصمیم گرفتند از اروپا فراتر روند و جنگ را به آسیا بکشانند. بدین ترتیب عثمانی نیز وارد جنگ بزرگ اروپاییان شد. بریتانیایی‌ها و فرانسوی‌ها به‌سوی سرزمین‌های خاورمیانه‌ حمله کردند و بعد از جنگ‌های فراوان، چند کشور را به اشغال درآوردند.\r\n\r\nورود روسیه و آمریکا به جنگ، درست مانند جنگ جهانی دوم، سرنوشت را عوض کرد. در فصل‌های چهارم و پنجم کتاب جنگ جهانی اول می‌خوانید که چگونه آمریکا به همراه دیگر متفقین، آلمان را به زانو درمی‌آورد. مردم آلمان از جنگ خسته شده بودند و در اعتراض به اقدامات قیصر، خواهان پایان سلطنت شدند. سرانجام قیصر آلمان را ترک کرد و آلمانی‌ها وارد مذاکره با رهبران متفقین شدند. مذاکراتی که به معاهده‌ی ورسای خاتمه یافت. در فصل آخر کتاب جنگ جهانی اول، مشروح این مذاکرات را می‌خوانید.'),
(31, 'کتاب انقلاب تصورناپذیر در ایران', 'چارلز کورزمن', '0000', 'uploads/6397712929431463.jpg', 4, 75000, 'کورزمن در این کتاب خواندنی، انقلاب اسلامی را از چهار منظرِ فرهنگی، سیاسی، اقتصادی و نظامی بررسی کرده و نقش توده‌ی مردم و نخبگان و روشنفکران جامعه در رقم خوردن این انقلاب را روشن ساخته است.', '2025-02-27 15:08:52', 'انقلاب، هر اندازه ناگهانی‌تر و پیش‌بینی‌ناشده‌تر باشد، تبیین و فهم چرایی رقم خوردن آن اهمیت بیشتر و ضرورت حیاتی‌تری دارد. انقلابی که در سال 1357 خورشیدی در ایران به پیروزی رسید، محمدرضا شاه پهلوی را از قدرت خلع و نظام جمهوری اسلامی را حاکم بر جامعه کرد، از بسیاری جهات یکی از مهم‌ترین و البته نابهنگام‌ترین انقلاب‌های سده‌ی بیستم بود. اهمیت این انقلاب در این واقعیت خلاصه می‌شود که نه فقط نظم حاکم بر ایران، بلکه نظم جهانی را با چالشی جدید مواجه کرد و خبر از ظهور اسلام‌گرایی در قامت ایدئولوژیِ بدیل کمونیسم مدل روسی و دموکراسی لیبرالِ غربی داد و همچنین به نوبه‌ی خود، سلسله‌ای از زلزله‌های سیاسی را در منطقه‌ی خاورمیانه رقم زد. و اما خصلت نابهنگامی این انقلاب ناشی از این واقعیت است که کمتر کسی می‌توانست وقوع آن را پیش‌بینی کند و گستره‌ی وسیع تأثیرات آن را حدس بزند. در کتاب انقلاب تصورناپذیر در ایران (The Unthinkable Revolution in Iran)، نوشته‌ی چارلز کورزمن (Charles Kurzman)، انقلاب ایران و ویژگی‌های بنیادین و متمایزکننده‌ی آن، از زوایای گوناگون مورد تحلیل و بررسی قرار گرفته است. نویسنده‌ی کتاب انقلاب تصورناپذیر در ایران، مورخ، استاد رشته‌ی جامعه‌شناسی و اسلام‌‌شناسی برجسته است که در طول سال‌ها فعالیت پژوهشی، نظریات بدیع و بعضاً چالش‌برانگیزی را در حوزه‌ی کاری خود مطرح کرده است.\r\nچارلز کورزمن در کتاب پیش رو به دنبال پاسخ گفتن به سوالی برآمده که از 22 بهمن 1357/11 فوریه‌ی 1979 تا به امروز، اذهان بسیاری را به خود مشغول داشته: چرا در ایران انقلاب شد؟ این پرسش را می‌توان در جمله‌ای طولانی‌تر و شاید کمی دقیق‌تر، چنین صورت‌بندی کرد: کدام عوامل و رخدادها به در گرفتن انقلاب در ایران و سقوط سلسله‌ی پهلوی منتهی شدند؟\r\n\r\nطی سالیان اخیر پاسخ‌های بسیاری به این پرسش داده شده است، که پاسخِ دکتر چارلز کورزمن در کتاب انقلاب تصورناپذیر در ایران تنها یکی از آن‌هاست. کورزمن بر این باور است که انقلاب ایران انقلابی عادی نبوده است؛ چرا که برخلاف بسیاری از انقلاب‌های سیاسی، انگیزه‌ی آن مشکلات اقتصادی یا حتی تضادهای سیاسی با نیروی حاکم نبود. اگر به آمارها استناد کنیم، می‌بینیم که ایران از آغاز دهه‌ی چهل رشد اقتصادی خیره‌کننده‌ای را پشت سر گذاشت و این رشد اقتصادی با افزایش درآمد نفتی در دهه‌ی پنجاه هرچه بیشتر و بیشتر نیز شد. سطح رفاه عمومی ایرانیان در دوره‌ی حکمرانی شاه به مراتب بالاتر از سطح رفاه مردم دیگر کشورهای منطقه بود. پس بار دیگر این پرسش به‌جاست که چرا در ایران انقلاب شد؟!\r\n\r\nدر پاسخ، دلایلی گوناگون از جمله فضای بسته‌ی سیاسی و جاذبه‌ی ایدئولوژی‌های انقلابی وقت، از جمله مارکسیسم و اسلام‌گرایی برای توده‌ی مردم و خاصه جوانان و دانشجویان، ذکر شده است. اما آیا می‌توان پاسخی قطعی به این پرسش داد و از میان پاسخ‌ها، پاسخی را بر دیگری ارجح دانست؟ تلاش کتاب پیش رو، معطوف به روشن کردن همین مطلب است.\r\n\r\nدر کتاب انقلاب تصورناپذیر در ایران، انقلاب اسلامی از زوایای گوناگون مورد بررسی قرار گرفته و ابعاد ریز و درشت آن واکاوی شده است. نویسنده تمرکز خود را معطوف به روشن کردن وجوه سیاسی، اقتصادی، نظامی و فرهنگیِ انقلاب کرده و البته در این بین، به نقش نهاد روحانیت نیز توجه داشته است؛ نهادی دیرپا و دیرینه که با شبکه‌سازی‌های موفق و هدفمند خویش، جوانان بسیاری را جذب جهان‌نگریِ سیاسیِ خود کرد و سرانجام، در اتحاد با اپوزیسیون سکولار رژیم پهلوی، بر قدرت حاکمه فائق آمد.'),
(32, 'کتاب عایشه', 'یاسین قاسمی بجد', '2023', 'uploads/3751546903768979.jpg', 4, 40000, 'یاسین قاسمی بجد در کتاب عایشه خوانندگان سرگذشت‌نامه‌های تاریخی را به مطالعه‌ی زندگی‌نامه‌ی یکی از تأثیرگذار‌ترین شخصیت‌های صدر اسلام دعوت می‌کند. این‌ کتاب روایتی‌ست مستند از رخداد‌ها و حوادث مهم زندگی عایشه، از همسران پیامبر اسلام (ص) و همچنین گزارشی‌ست از جایگاه و تأثیرات این شخصیت در زمان حیات پیامبر و بعد از وفات ایشان.', '2025-02-27 15:10:37', 'عایشه، یکی از نام‌های پرتکرار تاریخ مسلمانان و از شخصیت‌های پرنفوذ زن بر جریانات سیاسی و اجتماعی سده‌ی ابتدایی اسلام است؛ شخصیتی که همچنان در میان افراد متدین و به‌ویژه اهالی سنت جایگاه و احترام ویژه‌ای دارد اما شاید شرح زوایای مختلف زندگی ایشان بین علاقه‌مندان به تاریخ اسلام، مغفول مانده باشد. یاسین قاسمی بجد از محققان تاریخ اسلام در اثر خود یعنی کتاب عایشه بستر ویژه‌ای برای آشنایی با سیره‌ی زندگی این بانوی فرهیخته آماده کرده و اطلاعات و جزئیات خواندنی زیادی از سلسله‌ی حوادث زندگی ایشان به دست مخاطب داده است.\r\nبسیاری از اسناد و روایات به‌دست آمده از زندگی عایشه، حول نقش ایشان به عنوان یکی از همسران پیامبر نوشته شده است؛ اما نویسنده‌ی کتاب عایشه گستره‌ی نگاه خود را از این موضوع فراتر برده و پیش از هرچیز به زندگی عایشه پیش از ازدواج با پیامبر و در خانه‌ی پدری ایشان یعنی ابوبکر می‌پردازد. نویسنده‌ سخن خود را با شرح نسب و شجره‌نامه‌ی عایشه آغاز می‌کند و همچنین به اسم، شهرت و القاب ایشان نیز نگاه دقیق‌تری می‌اندازد.\r\n\r\nنگارنده‌ی کتاب عایشه در شرح و تقسیم‌بندی موضوعات دقت و سلیقه‌ی بسیاری به‌کار برده‌ و نکته‌به‌نکته‌ی زندگانی عایشه و پیامبر را از ذره‌بین نگاه محققانه‌ی خود عبور داده است. در میان موضوعات خواندنی این بخش از کتاب می‌توان به ماجرای آشنایی و خواستگاری پیامبر از عایشه، مهریه و مراسم ازدواج، جهزیه‌ی عایشه، علقه و رابطه‌ی ویژه‌ی پیامبر با عایشه، رابطه‌ی عایشه با دیگر همسران پیامبر و همچنین رابطه‌ی ایشان با حضرت فاطمه (س) و حتی موضوعات متنوع‌تری از جمله خانه‌داری عایشه اشاره کرد. نویسنده در میان توضیح این جزئیات از شرح حوادث مهم و سیاسی صدر اسلام ازجمله هجرت و فتح خیبر نیز غافل نمانده و هر یک از این رویداد‌ها را از زاویه‌ی زندگانی همسر پیامبر بررسی می‌کند.\r\n\r\nاما در ادامه‌ی کتاب عایشه، رخداد‌های تاریخی رنگ‌ و جلوه‌ی بیشتری هم به خود خواهد گرفت؛ حوادثی گاه آن چنان مهم و تأثیرگذار در آیاتی از قرآن کریم نیز به آن اشاره شده است. حادثه‌ی افک، و آیات مربوط به واقعه‌ی تخییر، ایلاء و تحریم از موضوعات مهمی‌ست که نویسنده در ادامه مفصلاً به آن می‌پردازد و نقد و نظر سایر منابع محققین را با مخاطبان به اشتراک می‌گذارد. اما زندگی عایشه بعد از رحلت پیامبر مهربانی نیز همچنان رخداد‌های تأثیرگذاری زیادی دارد. نویسنده‌ی کتاب عایشه، به‌ترتیب عهد خلفای راشدین، بخش‌های بعدی زندگی همسر پیامبر را شرح می‌دهد و در این میان به نقاط مهم این دوره ازجمله درگذشت ابوبکر پدر عایشه، گریزی می‌زند. از دیگر اشارات ویژه‌ی کتاب عایشه، زندگانی ایشان در عهد خلافت امام علی (ع) است. این دوره از زندگی همسر پیامبر با اتفاقات مهمی از جمله جنگ جمل و مواضع ایشان در این رخداد گره خورده. نویسنده همچنین بحث را به‌لحاظ تاریخی جلو‌تر برده و سرفصلی به زندگی عایشه در زمان معاویه و امامت امام حسن (ع) نیز اختصاص داده است.'),
(33, ' کتاب تاریخ بیهقی', 'ابوالفضل بیهقی', '2022', 'uploads/9844382481527641.jpg', 4, 240000, 'کتابی از دل تاریخ با نثری شگفت‌انگیز و ادیبانه که هم‌زمان شکوه و پوچی دربار غزنویان را آشکار می‌کند. کتاب تاریخ بیهقی آیینه‌ای تمام‌نماست از سیاست، دسیسه‌چینی، فریب و نیرنگ و مناسبات درباری. ابوالفضل بیهقی با شخصیت‌پردازی بی‌نظیر خود در این کتاب، اثر خود را همچون داستانی روایت می‌کند که هنوز هم پس از گذشت قرن‌ها، خواندنی است.', '2025-02-27 15:12:04', '«چرا کتاب تاریخ بیهقی (Bayhaqi\'s History) را بخوانیم؟» شاید اولین سؤالی که بعد از مواجهه با عنوان اثر پیش‌رو در ذهنتان ایجاد می‌شود، همین باشد. چرا ما کتابی را که حدود هزار سال پیش نوشته شده است، می‌‌خوانیم؟ جالب این‌جاست که در این هزار سال، به این کتاب توجه چندانی نشده و فقط حدود دویست سال است که تمرکز بر این اثر گران‌قدر افزایش یافته. مرحوم علی‌اکبر فیاض، مصحح تاریخ بیهقی که هنوز هم تصحیحش معتبرترین تصحیح این کتاب به شمار می‌رود، عقیده دارد که توجه به ابوالفضل بیهقی (Abul-Fazl Bayhaqi) بخشی از جریان تجدد ادبی است. پس از انقلاب مشروطه و در دوران سلطنت رضاشاه، مفهوم «ناسیونالیسم»، تاریخ و ادبیات برای ایرانیان اهمیتی ویژه یافت. مردم ایران در آن‌زمان با فرهنگ و تاریخ خود آن‌چنان که باید،‌ پیوند نداشتند. شاید هنوز هم بتوان چنین جمله‌ای را درباره‌ی عصر حاضر گفت. اولین دلیلی که برای خواندن تاریخ بیهقی به ذهن می‌رسد، آشنایی با تاریخ و فرهنگ ایران است؛ در روزگاری که فقط چند دهه از سرایش شاهنامه گذشته بود و پادشاهان ترک‌نژاد بر ایران سلطه یافته بودند.\r\nکتاب تاریخ بیهقی با وجود این‌که تاریخ است و فقط به یک دوره اختصاص دارد؛ اما بدون‌شک کتابی «بی‌زمان» است. آن را می‌توان در دسته‌ی متون کلاسیکی قرار داد که خواندن آن در هر جایی و در هر هنگامی، جنبه‌هایی نو را برای خوانندگان روشن می‌کند. به همین دلیل است که پژوهشگران بسیاری به سراغ این کتاب رفته‌اند و تقریباً نامدارترین استادان زبان و ادبیات فارسی، درباره‌ی این اثر گران‌قدر ابوالفضل بیهقی قلم زده‌اند. مخاطبانْ تاریخ بیهقی را چونان آینه‌ای می‌بینند که در آن اوضاع اجتماعی، سیاسی و فرهنگی نه‌تنها زمان بیهقی، بلکه همه‌ی اعصار در آن بازتابانده می‌شود. دومین پاسخی که به سؤال «چرا کتاب تاریخ بیهقی را بخوانیم؟» مربوط به بی‌زمان بودن این اثر است.\r\n\r\nتا بدین جا هر آنچه گفته شد، از تاریخ بود و هویت ملی و مسائلی از این دست. اما اثر ابوالفضل بیهقی از تاریخ نیز فراتر می‌رود و شاهکاری می‌آفریند که نظیر آن در تاریخ ادبیات فارسی دیده نمی‌شود. از نثر بیهقی بسیار گفته‌اند و خواهند گفت. واژگان و ترکیباتی که این دبیر دیوان رسالت سلطان مسعود غزنوی به کار می‌برد، نثری که پاره‌ای اوقات به شعر نزدیک می‌شود (نثری آهنگین که بیهقی ماهرانه با جابه‌جا کردن اجزای جمله، بلاغت را به اوج خود می‌رساند.) و تعبیراتی که پس از این کتاب وارد نثر فارسی شد، از امضاهای کتاب تاریخ بیهقی هستند. هر آن‌کسی که با تاریخ بیهقی مأنوس باشد، اعتراف خواهد کرد که نثر بیهقی کم‌نظیر است.\r\n\r\nفقط چند نمونه از جملات بیهقی کافی هستند تا شما نیز به این امر اعتراف کنید. برای مثال ابوالفضل بیهقی در رثای استادش، بونصر مشکان، می‌نویسد: «قلم را لختی بر وی بگریانم.» یا در وصف باریدن باران می‌گوید: «بارانکی خرد خرد می‌بارید. چنان‌که زمین ترگونه می‌کرد.» یا نصایحی بی‌مانند در خلال داستان‌هایش می‌آورد: «و گفته‌اند که دولت افتان وخیزان باید که پایدار باشد و دولتی که هموار می‌رود بر مراد و بی هیچ کراهیت، به یک بار خداوندش بیفتد.» یا در مذمت دنیا می‌گوید: «آخر کار آدمی مرگ است. احمق مردا که دل در این جهان بندد، که نعمتی بدهد و زشت بازستاند.» یا درباره‌ی نتیجه‌ی ظلم و ستم و خون‌ریزی‌های پادشاهان چنین سخن رانده است: «اعتقاد من باری آن است ملک روی زمین نخواهم با تبعت آزاری بزرگ تا به خون چه رسد.» سومین دلیل برای خواندن بیهقی، نثر بی‌همتای آن است.'),
(34, 'کتاب نیک‌ سرشت', 'بکی کندی', '2022', 'uploads/4160135356577530.jpg', 2, 65000, 'کتاب نیک‌ سرشت اثر دکتر بکی کندی برای هر پدر و مادری است که تا به امروز تحت فشار زیادی برای مراقبت از فرزندان خود بوده‌اند! این کتاب نه فقط یک راهنمای عاقلانه و عملی برای تربیت بچه‌هایی انعطاف‌پذیر و سالم از نظر عاطفی‌ست، بلکه یک راهنمای حمایتی نیز به‌شمار می‌رود.', '2025-02-27 15:21:31', 'دکتر بکی کندی (Dr. Becky Kennedy)، متخصص آموزش والدین، در کتاب نیک‌سرشت (Good Inside: A Guide to Becoming the Parent You Want to Be) رویکرد پیشگامانه‌ی خود را برای تربیت فرزندان به اشتراک گذاشته است و استراتژی‌های عملی را برای فرزندپروری به شیوه‌ای ارائه می‌دهد که شما به‌عنوان یک والد، بهترین احساس را از اجرای آن‌ها داشته باشید. در چند سال گذشته، دکتر بکی کندی، که خوانندگان آثار و طرفدارانش او را با نام «دکتر بکی» می‌شناسند، گام‌های بلندی را در مسیر تربیت والدین خوب برداشته است. میلیون‌ها والد ناراضی که پیروی از توصیه‌های ناکارآمد خسته‌شان کرده و هیچ احساس خوبی ندارند، حالا رویکردهای قدرتمند و مؤثر دکتر بکی را پذیرفته‌اند. مدلی که ارتباط با فرزندانشان را در اولویت اهمیت قرار می‌دهد.\r\nمی‌توان گفت دهه‌هاست که مدل‌ها و شیوه‌های فرزندپروری ناکارآمد و نامناسبی، با انواع ترفندها به والدین فروخته شده‌اند. از نمودارهای مربوط به جایزه و پاداش گرفته تا زمان استراحت معین و تفریحاتی که در ازای کارهای خوب در انتظار کودک است! بسیاری از این رویکردهای نامناسب که اتفاقاً محبوب برخی از والدین نیز هستند، مبتنی بر شکل دادن به رفتارند، نه تربیت انسان. این تکنیک‌ها مهارت‌هایی را که بچه‌ها برای زندگی نیاز دارند ایجاد نمی‌کنند، یا نیازهای عاطفی پیچیده‌شان را توضیح نمی‌دهند. برای مثال کودکی که در ازای انجام کار خوبی، جایزه‌ای را از پدر یا مادر خود دریافت می‌کند، ناخودآگاه در مورد مهر و محبت شرطی می‌شود، این کودک در بزرگسالی چنین تصوری خواهد داشت که فقط در ازای انجام کاری خوب یا داشتن رفتاری خاص لایق دریافت عشق و مورد محبت قرار گرفتن است!\r\n\r\nمشکل روابط پیچیده‌ی والدین با نحوه‌ی تربیت را نیز به این موارد اضافه کنید، و اینجاست که می‌توان به‌راحتی متوجه شد چرا بسیاری از پدر و مادرها احساس گمراهی، فرسودگی و نگرانی از شکست را در تربیت فرزندانشان تجربه می‌کنند. در کتاب نیک‌سرشت، دکتر بکی فلسفه‌های مربوط به فرزندپروری خود را با استراتژی‌های عملی ترکیب کرده است و نتیجه را با والدین نگران به اشتراک گذاشته است. این کتاب راهنما به والدین کمک می‌کند از عدم اطمینان و سرزنش خود به سوی اعتماد‌به‌نفس و مدیریت قوی روابط حرکت کنند.'),
(35, 'کتاب تاملات', 'مارکوس اورلیوس', '2022', 'uploads/1791784655746794.jpg', 2, 59000, 'کتاب تاملات اثری برجسته‌ است که یکی از امپراتوران روم در قرن دوم پس از میلاد آن را به نگارش درآورده است. مارکوس اورلیوس، امپراتورِ متفکر، عادل، قانع و مهربان رومی، در این کتاب خواندنی اصول فلسفه‌ی رواقی‌گری را توضیح می‌دهد.', '2025-02-27 15:23:17', 'کتاب تأملات (Meditations) حاصل افکار یکی از قدرتمندترین مردان جهان است که می‌خواهد مسئولیت‌ها و تعهدات خود را در جامعه‌ی انسانی به‌خوبی انجام دهد. مارکوس اورلیوس (Marcus Aurelius) که به مکتب فلسفی رواقی‌گری معتقد بود،‌ هر شب خود را موظف می‌دانست که در آموزه‌هایش تأمل کند و چند تمرین معنوی انجام دهد. تأملاتی که او را صبور، متواضع، همدل، سخاوتمند و قوی می‌ساختند. اما مارکوس اورلیوس دقیقاً کیست؟\r\n\r\nمارکوس اورلیوس یکی از امپراتوران روم باستان بود که از سال 161 تا 180 پس از میلاد بر این سرزمین حکومت می‌کرد. ماکیاولی دوران حکومت او را عصر طلایی روم باستان می‌داند و معتقد است که او آخرین امپراتور شایسته‌ای بود که بر روم حکومت کرد. این امپراتور علی‌رغم قدرتی که داشت،‌ بی‌ادعا، عاشق عدالت، متنفر از ظلم، دلسوز و مهربان شناخته می‌شد. مورخان اذعان دارند که او بااینکه امپراتور یکی از بزرگ‌ترین سرزمین‌های جهان بود، زندگی دشواری داشت. او از نظر بدنی قوی نبود و در طول مدت سلطنت خود، با مشکلات فراوانی دست‌وپنجه نرم کرد. با این همه، هیچ‌وقت تسلیم و ناامید نشد و با بحران‌های زندگی‌اش عاقلانه برخورد کرد.\r\n\r\nمارکوس اورلیوس در زمان لشکرکشی‌های نظامی، دوازده کتاب نوشت که ابداً‌ قصد انتشار آن‌ها را نداشت؛ بلکه آن‌ها را برای خودش نوشته بود. مورخان حدس می‌زنند که این کتاب‌ها بین سال‌های 170 تا 180 میلادی نوشته‌ شده‌اند. کتاب تاملات در ابتدا هیچ عنوانی نداشت و بعداً این نام بر کتاب گذاشته شد. این امپراتور رومی کتاب را به زبان یونانی کوینه نوشته و در آن با سبکی ساده و سرراست، عقاید خودش را توضیح داده است.'),
(36, 'کتاب نگاهی بر ابعاد روانشناختی ', 'زهره نوری', '2022', 'uploads/3806545654557987.jpg', 2, 36200, 'کتاب نگاهی بر ابعاد روانشناختی و سبک زندگی نسل Z، با هدف آشنا ساختن پدر و مادرها با روحیه‌ و سبک‌زندگی‌ کودکان و نوجوانانی نوشته شده که در دهه‌های هشتاد و نود خورشیدی زاده شده‌اند. زهره نوری، نویسنده‌ی کتاب، در این اثر روش‌هایی سودمند برای تعامل با کودکان نسل زد را به والدین آموزش می‌دهد.', '2025-02-27 15:24:30', 'کتاب نگاهی بر ابعاد روانشناختی و سبک زندگی نسل Z، با این پیشگفتار آغاز می‌شود که کودکان و نوجوانان دهه‌های هشتاد و نود، وقت چشمگیری را به حضور در فضای مجازی اختصاص می‌‌دهند. زهره نوری، نویسنده‌ی کتاب، توضیح می‌دهد که تمامی افرادی که اواسط دهه‌ی نود میلادی تا سال‌های 2010 و 2013 زاده‌ شده‌اند را نسل زِد می‌نامند. به گفته‌ی نویسنده‌، به این افراد دیجیتال‌زادگان نیز می‌گویند. این نامگذاری، از تأثیر مهم فناوری‌های دیجیتال در زندگی این افراد حکایت دارد. بر اساس اطلاعات این کتاب، چنین افرادی از روزی که زاده‌ شده‌اند، دنیای دیجیتال را تجربه کرده‌‌اند. در نتیجه زندگی بدون اینترنت برای این افراد، تصورشدنی نیست. شبکه‌‌ی جهانی اینترنت، شبکه‌های اجتماعی، پیام‌رسان‌های چندرسانه‌ای، خدمات پیام‌ کوتاه، اِم‌.‌پی‌.‌تِری (MP3)، رایانه، تبلت و گوشی‌های هوشمند، به‌عنوان قسمتی جدانشدنی از زندگی نسل زد شناخته می‌شود. نویسنده در ادامه‌ی کتاب نگاهی بر ابعاد روانشناختی و سبک زندگی نسل زد، به این نکته اشاره می‌کند که والدین نسل زد با نام نسل وای (Y) تلقی می‌شوند.\r\n\r\nنویسنده در این کتاب توضیح می‌دهد نسل وای، نسلی است که به آن نسل مهاجران دنیای دیجیتال می‌گویند. این نسل به‌رغم اینکه در دوران کودکی و نوجوانی تجهیزات پیشرفته دنیای دیجیتال را تجربه نکرده‌اند، در بزرگسالی با این دستگاه‌ها کار کرده‌‌اند. در این کتاب به این نکته اشاره می‌شود که نسل زد، تفاوت‌های چشمگیری با نسل‌های قبل از خود دارند. این تفاوت‌ها نه‌تنها در حوزه‌های اخلاقی و تربیتی، بلکه در باورهای اعتقادی نیز مشاهده می‌شود.'),
(37, ' کتاب نسل مضطرب', 'جاناتان هایت', '2024', 'uploads/6117850823249742.jpg', 2, 75000, 'کتاب نسل مضطرب نوشته‌ی جاناتان هایت درباره‌ی آثار مخرب فضای مجازی و اینترنت بر کودکان و نوجوانان تحقیق می‌کند و برای تربیت کودکانی سالم‌تر، والدین، مدارس، شرکت‌ها و دولت‌ها را به یک کنش جمعی فرامی‌خواند.', '2025-02-27 15:25:49', 'پس از یک دهه ثبات و بهبود، در اوایل دهه‌ی 2010 میلادی، سلامت روان نوجوانان با خطر روبه‌رو شد. نرح افسردگی، اضطراب، خودآزاری و خودکشی به‌شدت افزایش یافت و در بسیاری از معیارها دو برابر شد. چرا؟ در کتاب نسل مضطرب (The Anxious Generation)، روانشناس اجتماعی، جاناتان هایت (Jonathan Haidt) حقایقی را درمورد همه‌گیری بیماری روانی نوجوانان بیان می‌کند که بسیاری از کشورها را درگیر کرده است.\r\n\r\nجاناتان هایت در کتاب نسل مضطرب ابتدا خطر رسانه‌های اجتماعی را برای کودکان و نوجوانان گوشزد کرده و به این نکته اشاره می‌‎کند که هزینه‌ی رسانه‌های اجتماعی برای نوجوانان بیش از بزرگ‌سالان و در مقابلْ مزیت‌هایش برای آنان بسیار اندک است. سپس طبیعت دوران کودکی را می‌کاود و درباره‌ی اینکه چرا کودکان به بازی احتیاج دارند یا چگونه آن‌ها به بزرگ‌سالان توانا و خودشکوفا تبدیل می‌شوند، تحقیق می‌کند.\r\n\r\nکتاب نسل مضطرب بر سرگذشت نسلی تمرکز کرده که پس از 1997 متولد شده است. نویسنده آن‌ها را نسل زد می‌خواند و تحول فناوری‌هایی را که آن‌ها در کودکی استفاده کرده‌اند، عامل تمایز ایشان از نسل‌های قبلی خود می‌داند. جاناتان هایت نشان می‌دهد که چگونه کودکی بازی‌محور در دهه‌ی 1980 میلادی شروع به محو شدن کرد و چگونه در اوایل دهه‌ی 2010 میلادی، کودکی گوشی‌محور جای آن را گرفت. او بیش از 12 مکانیسم را نشان می‌دهد که به وسیله‌ی آن‌ها این «سیم‌کشی مجدد بزرگ دوران کودکی» با رشد اجتماعی و عصبی کودکان تداخل داشته است و همه‌چیز را از کم‌خوابی گرفته تا حواس‌پرتی، اعتیاد، تنهایی، قیاس اجتماعی و کمال‌گرایی پوشش می‌دهد. در این کتاب فصلی مجزا به این بحث اختصاص دارد که چرا شبکه‌های اجتماعی به دخترها بیش از پسرها آسیب می‌زند و چرا پسرها از دنیای واقعی به دنیای مجازی افتاده‌اند که عواقب فاجعه‌باری برای خود، خانواده و جامعه‌شان به همراه دارد.'),
(38, ' کتاب فوت‌ و فن‌های فرزندپروری ', 'هاجر سجاد', '2023', 'uploads/5127777038938212.jpg', 2, 50000, 'این کتاب با ارائه راهکارهای کاربردی و قابل اجرا، به والدین کمک می‌کند تا از آزمون و خطا دوری کرده و به‌جای پیروی از الگوهای قدیمی، فرزندانی شاد، با اعتمادبه‌نفس و مسئولیت‌پذیر پرورش دهند.', '2025-02-27 15:27:04', 'تربیت فرزند یکی از مهم‌ترین و درعین‌حال چالش‌برانگیزترین وظایف والدین است. در دنیای کنونی که با سرعتی سرسام‌آور در حال تغییر است، شیوه‌های قدیمی، دیگر کارایی لازم را ندارند. از این رو، والدین به‌دنبال راهکارهایی هستند که بتوانند به‌طور مؤثر با نیازها و مسائل پیچیده‌ی فرزندان خود روبه‌رو شوند. در این میان، کتاب فوت‌ و فن‌های فرزندپروری امروزی به قلم هاجر سجاد، پاسخی جامع و علمی را به این نیاز ارائه می‌دهد.\r\n\r\nیکی از ویژگی‌های برجسته‌ی این کتاب، توجه به جزئیات روزمره‌ای است که والدین غالباً از آن‌ها غافل می‌شوند. بسیاری از کتاب‌های مشابه روی نظریه‌ها و تئوری‌های عمومی تمرکز دارند؛ اما این اثر، به‌طور ویژه به جنبه‌های عملی و قابل‌اجرا در زندگی واقعی والدین پرداخته است. مثلاً، هاجر سجاد در یکی از بخش‌ها، به‌طور مفصل توضیح می‌دهد که چگونه باید مسئولیت‌های کوچک روزمره به کودکان محول شود تا آنان نه‌تنها احساس مشارکت کنند، بلکه به مرور زمان به انسان‌هایی مسئولیت‌پذیر و مستقل تبدیل شوند. چنین رویکردی، نه‌تنها به کودک کمک می‌کند تا در مسیر درست رشد کند، بلکه والدین را نیز از فشارها و نگرانی‌های بی‌مورد رها می‌سازد.\r\n\r\nنکته‌ی دیگر که این کتاب را از سایر کتاب‌های فرزندپروری متمایز می‌کند، تأکید بر اهمیت ارتباط و تعامل مثبت بین والدین و فرزندان است. هاجر سجاد، در جای‌جای کتاب خود، به اهمیت گفت‌وگو و گوش‌دادن فعال به فرزندان اشاره می‌کند. او معتقد است که بسیاری از مشکلات رفتاری کودکان ناشی از نادیده‌گرفتن نیازهای عاطفی آن‌هاست. والدینی که فقط به مسائل مادی و آموزشی کودکان خود اهمیت می‌دهند، اغلب از بخش مهمی از وظایف خود، یعنی ایجاد پیوند عاطفی قوی، غافل می‌شوند. در این کتاب، توصیه‌هایی عملی برای تقویت این پیوندها ارائه شده است؛ توصیه‌هایی که به‌راحتی می‌توان در زندگی روزمره‌ی خانواده به‌کار برد.\r\n\r\nدر بخشی از کتاب، نویسنده به مسئله‌ی مهم نحوه‌ی برخورد با اشتباهات و خطاهای کودکان پرداخته است. یکی از مثال‌های مطرح‌شده، این است که چگونه والدین می‌توانند به‌جای آنکه فقط بر جنبه‌ی تنبیهی اشتباهات کودکان خود تمرکز کنند، از آن به‌عنوان فرصتی برای یادگیری و رشد بهره ببرند. این نگاه، به‌نوعی تغییر نگرش والدین را می‌طلبد؛ تغییری که در نهایت به نفع رشد روانی و عاطفی فرزندان خواهد بود.\r\n\r\nهاجر سجاد در نگارش کتاب فوت‌ و فن‌های فرزندپروری امروزی از منابع معتبر و تحقیقات علمی به‌عنوان پشتوانه‌ی اثر خود استفاده کرده است؛ این امر به کتاب اعتبار ویژه‌ای می‌بخشد. از طرفی، به‌کارگیری زبان ساده و روان، آن را برای تمامی والدین با هر سطح تحصیلات قابل‌فهم و جذاب می‌کند. خواندن این کتاب، به‌نوعی سفری به درون دنیای کودکانه و بازنگری در رویکردهای رایج والدگری است؛ مطالعه‌ی این کتاب از انتشارات کلید آموزش برای والدینی که به‌دنبال ارتقای مهارت‌های فرزندپروری خود هستند و می‌خواهند رابطه‌ای سالم و پویا با فرزندانشان برقرار کنند، یک گام مؤثر و مفید در مسیر تربیت فرزند است.'),
(39, ' کتاب هندسه مقدس', 'مریلین واکر', '2024', 'uploads/9873777924698920.jpg', 2, 69000, 'کتاب هندسه مقدس، نوشته‌ی مریلین واکر، درباره‌ی ریاضیات نهفته در الگوهای هندسی که در طبیعت و هنر می‌توان مشاهده کرد، با زبانی امروزی و مطابق با علم، هنر و ادراک مردم امروز مطالبی جامع و کامل ارائه می‌دهد.', '2025-02-27 15:28:50', 'ریاضیات و هندسه به عنوان یکی از مهم‌ترین زیرشاخه‌های آن، از دیرباز تاکنون، در پدیده‌های گوناگون جهان هستی، الگوهایی تکرارشونده را کشف می‌کند. این الگوها را فیلسوفان و اندیشمندان دنیای باستان، بررسی و ساده‌سازی کرده‌اند تا پی به نظم پشت پرده‌ی هستی یا شاید روح آن ببرند و بتوانند به هماهنگی بیشتری با قدرتی که جهان را ساخته است دست یابند. آن‌ها از این الگوها، در آثار هنری و معماری استفاده کرده‌اند و شاهکارهایی را خلق کرده‌اند که بعضی از آن‌ها، تا به امروز هم جزو عجایب جهان به حساب می‌آیند. هر چه در ریاضیات و شاخه‌های مختلف علم پیشرفت می‌کنیم، مهر تأیید بیشتری به بعضی از این الگوها زده می‌شود و این اصول را در ریزترین ذرات هستی تا بزرگترین آن‌ها کشف می‌کنیم. همین است که جذابیت هندسه‌‌ی مقدس را افزایش می‌دهد. در کتاب هندسه مقدس (Sacred Geometry: An A-Z Reference Guide) مریلین واکر (Marilyn Walker)، به همه‌ی مفاهیم و زیرشاخه‌های هندسه‌ی مقدس پرداخته است تا بتوانیم ابعاد جدید آن را دریابیم و به دیدی تازه‌تر از آن دست پیدا کنیم.\r\nمریلین واکر، استاد بازنشسته‌ی دانشگاه مونت آلیسون، یکی از محققان مشتاقی است که دوست دارند رابطه‌ی علم و معنویت را کشف کنند و از آن برای زندگی معناداتر سود برند. او در کتاب هندسه مقدس، دایرة‌المعارفی کامل از اندیشمندان مطرح، مفاهیم، روش‌ها و تاریخچه‌ی هندسه‌ی مقدس برای علاقه‌مندان گردآوری کرده است. در کتاب هندسه مقدس، او هر کجا لازم است، الگوها، تصاویر و شکل‌های مورد بحث را آورده است تا مخاطب به درک بهتری از محتوا برسد. توضیحات کتاب کامل و در عین حال خلاصه‌اند، به علاوه، هر کجا لازم است، با ارجاع به مطالب موجود در همین کتاب، مفاهیم مرتبط با هم، بسط داده می‌شوند و درک آن‌ها ساده‌تر می‌شود.\r\n\r\nدر کتاب هندسه مقدس، از نظریات ارسطو، داوینچی، اینشتین، خوارزمی و... تا مفاهیم مرتبط با طالع‌بینی، هندوییسم، فنگ‌شویی و بودیسم، هر آن‌چه به اصول، الگوها و هنر برگرفته از هندسه‌ی مقدس مرتبط است، بررسی می‌شوند. مطالب جالبی درباره‌ی هنر و معماری اسلامی، کلیساها و مسیحیت، ماندالا و هنرهای مرتبط با مدیتیشن و ذهن‌آگاهی نیز در کتاب هندسه مقدس وجود دارد. مطالب علمی جدید مانند مباحثی درباره‌ی اتم‌ها، نجوم، زیست‌شناسی و دی ان ای نیز در این کتاب از زاویه‌ی هندسه‌ی مقدس مطالعه شده‌اند.\r\n\r\nکتاب هندسه مقدس را یاسین قاسمی بجد به خوبی ترجمه و انتشارات کتاب یاسین آن را به چاپ رسانده است.'),
(40, ' کتاب کشت هیدروپونیک', 'هاوارد رش', '2022', 'uploads/1026155728489656.jpg', 2, 80000, 'کتاب کشت هیدروپونیک راهنمای جامع و کاملی برای آشنایی با تکنیک‌های مختلف پرورش غذا و گیاهان بدون استفاده از خاک است که توسط هاوارد رش، یکی از متخصصان و پژوهشگران مجرب این حوزه به نگارش درآمده است.', '2025-02-27 15:30:16', 'هاوارد رش (Howard Resh)، محقق و نویسنده‌ی به‌نام حوزه‌ی کشت هیدروپونیک و یکی از چهره‌های شناخته‌شده در زمینه‌ی کشت بدون خاک است که تاکنون کتاب‌های مختلفی در این حوزه به نگارش درآورده است. کتاب کشت هیدروپونیک (Hydroponic food production) یکی از این کتاب‌هاست. در طی سال‌های اخیر و با گسترش و رشد امکانات ابزاری و پژوهشی در زمینه‌ی کشت بدون خاک، مطالب کتاب بارها به‌روز شده و منبع علمی و آموزشی معتبری را فراهم آورده که توسط علاقه‌مندان حوزه‌ی کشت بدون خاک از سرتاسر جهان مورد استفاده قرار می‌گیرد.\r\n\r\nکشت بدون خاک مزایا و فواید بسیاری به‌همراه دارد که باعث رشد محبوبیت و گسترش آن در سال‌های اخیر شده است. از جمله‌ی این مزیت‌ها می‌توان به استفاده‌ی حجم بسیار کم‌تری از آب و امکان رشد سریع‌تر و بیشتر گیاهان در طول مدت‌زمان کوتاه‌تر اشاره کرد. تکنولوژی پرورش گیاهان بدون خاک، همچنین این امکان را برای کشاورزان و پرورش‌دهندگان فراهم می‌آورد که در هر زمانی از سال و در هر شرایط مکانی به پرورش انواع و اقسام محصولات گیاهی و غذایی بپردازند. همه‌ی این مسائل، از دلایلی است که کشت هیدروپونیک را به یکی از بهترین انتخاب‌ها برای علاقه‌مندان به پرورش گل و گیاه خانگی تبدیل می‌کند.\r\nهاوارد رش در کتاب کشت هیدروپونیک ابتدا به معرفی موارد لازم جهت کشت و پرورش گیاهان، از جمله تغذیه، محلول‌ها و محیط رشد پرداخته و سپس تکنیک‌های متنوع کشت هیدروپونیک، شامل کاشت در آب، کاشت در سنگریزه، کاشت در شن، کاشت در خاک اره، کاشت در بستر راک وول، تکنیک جریان مواد غذایی و دیگر روش‌های مخصوص را به دقت آموزش داده است. در آموزش‌های کتاب از عکس‌ها، جداول، گزارش‌های آماری و فرمول‌های محاسباتی استفاده شده که مطالب را قابل فهم‌تر می‌کند.\r\n\r\nهاوارد رش کتاب کشت هیدروپونیک را با هدف تعلیم پرورش‌دهندگان تازه‌کار و غیرمتخصص نگاشته و از این رو در آغاز، تمام عناصر و مفاهیم ابتدایی پایه را تشریح کرده و سپس به آموزش تکنیک‌های عملی دقیق پرورش گیاهان پرداخته است. حتی اگر تجربه‌ی چندانی در پرورش گیاهان و سبزیجات نداشته باشید، با مطالعه‌ی کتاب کشت هیدروپونیک قادر خواهید بود در محیط خانه و محل زندگی خود به پرورش انواع گل‌ها، گیاهان و مواد غذایی پرداخته و در این مسیر به خودکفایی برسید. کتاب کشت هیدروپونیک توسط ساسان جعفرنیا، مهندس متخصص کشاورزی، مهدی صفایی خرم، متخصص سم‌شناسی و محیط زیست، و آیدا خسروشاهی به زبان فارسی ترجمه شده و انتشارات سخن‌گستر آن را به چاپ رسانده است.'),
(41, 'کتاب فرزانه‌وار زیستن', 'برایان دبلیو ون نوردن', '2024', 'uploads/1307316001829874.jpg', 2, 150000, 'کتاب فرزانه‌وار زیستن، نوشته‌ی برایان دبلیو ون نوردن، به معرفی فلسفه‌ی باستانی چین می‌پردازد. این کتاب، به عنوان منبعی عالی برای آشنایی اولیه با فلسفه‌ی چینی شناخته می‌شود و دانشجویان و علاقه‌مندان به فلسفه را به خواندن منابع پیچیده‌تر و تخصصی‌تر دعوت می‌کند.', '2025-02-27 15:31:59', 'فلسفه‌ی شرق آسیا، این روزها بیش از همیشه مورد توجه فلاسفه و مردم عادی قرار گرفته است. چین از دوران باستان، متفکران و فیلسوفان بزرگی داشته است که با تفکرات خود، تأثیرات زیادی بر همه‌ی جهان گذاشته‌اند. با وجود این که بخشی از تفکرات آن‌ها، مورد ستایش فیلسوفان غربی قرار گرفته و پایه‌ی برخی اندیشه‌هایشان را شکل داده، اما بسیاری دیگر از نظراتشان نیز، برای جهان غرب و البته فلسفه‌ی ترجمه‌ای ما بسیار نو و قابل تأمل است. به همین دلیل است که آشنایی با مبانی فلسفه‌ی چین باستان، می‌تواند پنجره‌ای نو برای اندیشه‌ی علاقه‌مندان به فلسفه باشد. کتاب فرزانه‌وار زیستن (Introduction to Classical Chinese Philosophy)، نوشته‌ی یکی از اساتید مطرح فلسفه‌ی چین و ژاپن در دانشگاه واسار، برایان دبلیو ون نوردن (Bryan W. Van Norden) است که مبانی فلسفه‌ی باستانی چین را برای مخاطبانی که اطلاعات زیادی در این زمینه ندارند ارائه می‌دهد.\r\nکتاب فرزانه‌وار زیستن، علاوه بر مشهورترین آرای فلاسفه‌ی چین باستان، درباره‌ی تاریخچه و زمینه‌ی شکل‌گیری هر یک، تاثیرات هر یک بر فلسفه‌ی غرب و همین‌طور کاربردهای احتمالی آن در دنیای امروز، نکات ارزنده‌ای را ارائه می‌دهد. این کتاب، علاوه بر این که از سادگی لازم برای آشنایی و یادگیری اولیه برخوردار است، می‌تواند کسانی که اطلاعات فلسفی بیشتری دارند یا با تفکرات غالب فلسفی در چین باستان آشنایی دارند به خود جذب و نظرشان را به ابعاد جدیدی از برخی مباحث جلب کند.'),
(42, 'کتاب  پرورش قارچ‌های خوراکی', 'جی. اس. شیلتون', '2017', 'uploads/9084407026953905.jpg', 2, 90000, 'پاول استمتس و جی. اس. شیلتون، نویسندگان اثر حاضر، با تکیه بر تحقیقات و آزمایشات متعدد، راهنمای گام‌به‌گام و دقیقی ارائه می‌دهند که مراحل کاشت هاگ تا برداشت محصول را در بر می‌گیرد.', '2025-02-27 15:39:06', 'کشت قارچ دکمه‌ای دو قرن پیش در فرانسه آغاز شد و سپس توسط تولیدکنندگان دنیای غرب ادامه یافت. کاشت قارچ‌های دکمه‌ای به‌دلیل هزینه‌ی نسبتاً کم مواد اولیه در سراسر دنیا رواج یافت، اما نسبت به گل و گیاهان دیگر به مراقبت دقیق‌تری نیاز داشت. پاول استمتس (Paul Stamets) و جی. اس. شیلتون (J. S. Chilton)، محبوبیت روزافزون قارچ‌ها را مدیون پیشرفت علم و دانش می‌دانند که سرآغاز آن در دهه‌ی 1960 بود. کتاب راهنمای جامع و مصور پرورش قارچ‌های خوراکی (The Mushroom Cultivator: A Practical Guide to Growing Mushrooms at Home) اطلاعات مفیدی پیرامون کاشت خانگی قارچ‌های خوراکی در اختیار خوانندگان می‌گذارد و راهنمایی گام‌به‌گام از مرحله‌ی کاشت هاگ تا برداشت قارچ ارائه می‌دهد.\r\n\r\nدر طول تاریخ، در فرهنگ‌های مختلف بشری، قارچ‌های خوراکی نقش بسزایی در مصرف خوراکی و دارویی داشته‌اند. قارچ‌ها از نظر میزان پروتئین و ویتامین‌های B و C، نسبت به بسیاری گیاهان و حبوبات، در رده‌ی بالاتری جای می‌گیرند. از نظر پروتئین نیز بالاتر از بسیاری از سبزیجات و حبوبات (به‌جز نخودسبز، لوبیا، عدس) و پایین‌تر از فرآورده‌های دام و طیور (گوشت، ماهی، تخم‌مرغ، پنیر) و نان قرار دارند. روش‌های پرورش قارچ صرف‌نظر از نوع آن، از الگوی واحدی پیروی می‌کنند. به‌عبارت‌دیگر تمامی قارچ‌ها، دارای چرخه‌ی زندگی مشابهی از کاشت تا باردهی هستند.\r\n\r\nپاول استمتس و جی. سی. شیلتون ویژگی‌های محیط کشت مناسب را برای قارچ‌ها برمی‌شمرند. اتاقک تلقیح یا آزمایشگاه استریل محیطی است که تمام ویژگی‌های مطلوب برای کشت را داراست. پس از فراهم آوردن محیط آزمایشگاهی، باید محیط مناسب برای کشت آگار فراهم آید. آگارْ عصاره‌ی خشکِ نوعی جلبک دریایی است، اما کاربردهایی بسیار وسیع‌تر از جلبک دارد. از آگار برای سفت کردن محیط کشت استفاده می‌کنند. سپس نوبت به کشت هاگ می‌رسد؛ هاگ یک سلول تولیدمثل است که می‌تواند بدون ترکیب با سلول دیگری، منجر به تولید جانداری جدید شود. نویسندگان در این بخش از کتاب، به تکنیک‌های جوانه‌زنی هاگ و نتایج کشت توده‌ای هاگ نیز اشاره می‌کنند.\r\n\r\nکتاب راهنمای جامع و مصور پرورش قارچ‌های خوراکی حاصل تحقیقات و آزمایشات متعدد مؤلفین پیرامون قارچ‌های خوراکی است که اطلاعات سودمندی در اختیار تمام علاقه‌مندان به کشت این محصول قرار می‌دهد. این کتاب مورد تأیید سازمان آموزش فنی و حرفه‌ای کشور است و از پرفروش‌ترین کتاب‌های آموزشی در ایران به شمار می‌رود. ‌انتشارات سخن‌گستر این کتاب را چاپ و روانه‌ی بازار کرده است.'),
(43, 'کتاب مرجع بیولوژی کمپبل', 'استیون واسرمن', '2024', 'uploads/3883924202577780.jpg', 2, 90000, 'کتاب مرجع بیولوژی کمپبل - جلد 1: شیمی حیات اثر پرفروشِ لیزا یوری، مایکل کاین، استیون واسرمن، پیتر مینورسکی و ربکا اور، دریچه‌ای به دنیای زیست‌شناسی است. این مجموعه 7 جلد را شامل می‌شود که هرکدام با زبانی ساده، مفاهیم پیچیده‌ی زیست‌شناسی را برای خوانندگان توضیح می‌دهد.', '2025-02-27 15:40:32', 'در دنیای پیچیده زیست‌شناسی، درک مفاهیم پایه‌ای همچون ساختار سلولی و فرآیندهای حیاتی، کلید ورود به دنیایی از شگفتی‌هاست. کتاب مرجع بیولوژی کمپبل - جلد 1: شیمی حیات (Campbell Biology) با نگاهی عمیق و جامع به این مفاهیم بنیادین، خواننده را به قلب علم زیست‌شناسی می‌برد. این اثر ارزشمند پیچیده‌ترین مفاهیم را به شکلی ساده توضیح می‌دهد. نویسندگان کتاب، لیزا یوری (Lisa Urry)، مایکل کاین (Michael Cain)، استیون واسرمن (Steven Wasserman)، پیتر مینورسکی (Peter Minorsky) و ربکا اور (Rebecca Orr) با تخصص و تجربه‌ی خود، خواننده را گام‌به‌گام با اصول اساسی زیست‌شناسی آشنا می‌کنند.\r\n\r\nمجموعه هفت جلدی بیولوژی کمپبل یکی از مهم‌ترین و جامع‌ترین منابع آموزشی در زمینه زیست‌شناسی است. این کتاب که توسط نیل کمپبل و همکارانش نوشته شده، به طور گسترده در دانشگاه‌ها و مراکز آموزش عالی سراسر جهان مورد استفاده قرار می‌گیرد. همچنین تمام جنبه‌های اصلی زیست‌شناسی مدرن را پوشش می‌دهد؛ از سطح مولکولی گرفته تا اکوسیستم‌ها. موضوعات اصلی این اثر شامل ساختار و عملکرد سلول، ژنتیک، تکامل، تنوع زیستی، فیزیولوژی گیاهی و جانوری، و اکولوژی می‌شوند.\r\n\r\nیکی از ویژگی‌های برجسته‌ی کتاب مرجع بیولوژی کمپبل - جلد 1: شیمی حیات ، ساختار منظم و منطقی آن است؛ نویسندگان با شروع از مفاهیم پایه و حرکت تدریجی به سمت موضوعات پیچیده‌تر، یک مسیر یادگیری روان و قابل فهم را برای خوانندگان ترسیم می‌کنند. این رویکرد به دانش‌آموزان و دانشجویان کمک می‌کند تا پایه‌ی محکمی از دانش زیست‌شناسی را بنا نهند. کتاب مرجع بیولوژی کمپبل - جلد 1: شیمی حیات یک کتاب درسی و راهنمای جامع برای هر کسی است که می‌خواهد درک عمیق‌تری از دنیای زیست‌شناسی داشته باشد. این کتاب با ترکیبی از اطلاعات دقیق علمی، مثال‌های کاربردی و رویکردهای آموزشی موثر، می‌تواند نقطه‌ی عطفی در مسیر یادگیری زیست‌شناسی برای محصلان و دانشجویان باشد. ترجمه‌ی روان و دقیق این اثر توسط شادی یاوری، عبدالرضا راعی، علیرضا صدیقی،نازنین فدایی شیران و بهرام فرهادی مقدم صورت گرفته و انتشارات آفتاب هنر عهده‌دار چاپ و انتشار آن است.'),
(44, 'کتاب سایه‌های میان ما', 'تریشیا لونسلر', '2024', 'uploads/5084609531842740.jpg', 3, 49500, 'در کتاب سایه‌های میان ما، اثر پرفروش نیویورک تایمز، نوشته‌ی تریشیا لونسلر، موضوع کلاسیک توطئه، قدرت‌طلبی و عاشقی دستمایه‌‌ی خلق داستانی هیجان‌انگیز و پرکشش قرار گرفته است.', '2025-02-27 15:48:45', 'الساندرا، قهرمان کتاب سایه‌های میان ما (The Shadows Between Us)، دختری زیبا و اغواگر است که بسیاری از اشراف و نجیب‌زاده‌ها آرزوی دارند با او ازدواج کنند؛ از طرف دیگر، پدر الساندرا در بحران مالی قرار دارد و در معرض ورشکستگی است. او برای حل مشکلات مالی به مهریه‌ی دو دخترش چشم دوخته و قصد دارد آن‌ها را به عقد پسرانی ثروتمند در آورد؛ اما الساندرا چیزی بیش از ثروت می‌خواهد و آرزوهایی بزرگ‌تر در سر دارد. او تصمیم گرفته همسر پادشاه سایه‌ها شود؛ یعنی کسی که دست‌ یافتن به او، رؤیایی دور از انتظار به نظر می‌رسد. او می‌خواهد با پادشاه ازدواج کند و زمانی که به وصال او رسید، پادشاه را بکشد و تاج و تخت او را تصاحب کند. برای همین الساندرا از پدرش می‌خواهد که او را همراه دخترهایی که به دیدن پادشاه می‌روند، به قصر بفرستد. می‌توان گفت تریشیا لونسلر (Tricia Levenseller) داستانش را بسیار تند و آتشین شروع می‌کند و با همین شتاب به آن ادامه می‌دهد؛‌ به صورتی که در ادامه‌ی داستان شاهد وقایع غیرمنتظره‌‌ی بیشتری خواهیم بود.');
INSERT INTO `books` (`book_id`, `name`, `author`, `publication_year`, `image`, `category_id`, `price`, `caption`, `created_at`, `description`) VALUES
(45, 'کتاب زندگی ناممکن', 'مت هیگ', '2024', 'uploads/3462559499807361.jpg', 3, 65000, 'مطالعه‌ی رمان‌های مت هیگ، نویسنده‌ی پرفروش کتاب کتابخانه‌ی نیمه‌شب، مثل پیدا کردن دری مخفی در خانه‌ی قدیمی مادربزرگ‌تان است. دوست دارید این در را باز کنید و ببینید که چه اتفاقاتی پشت این در پنهان شده‌اند یا همان‌جا بی‌حرکت بایستید؟!', '2025-02-27 15:50:01', 'داستان کتاب زندگی ناممکن (The Life Impossible) نوشته‌ی مت هیگ (Matt Haig) از جایی آغاز می‌شود که زنی هفتاد و دو ساله که به‌تازگی شوهر خودش را از دست داده است و زندگی روزمره‌ی غم‌باری را سپری می‌کند، متوجه می‌شود که دوست بسیار قدیمی‌اش فوت کرده است و یک هدیه‌ی دور از انتظار را برای او به ارث باقی گذاشته است: یک خانه‌ی زیبا در جزیره‌ای حیرت‌انگیز به نام ایبیزا واقع در اسپانیا. اما یک دوست معمولی چرا باید چنین ارثیه‌ی سنگینی برای او باقی بگذارد؟ گریس هم راهی جزیره‌ی ایبیزا می‌شود تا از همین معمای عجیب سر در بیاورد.\r\nدرست است که گریس سال‌ها پیش لطف کوچکی در حق کریستینا انجام داده بود؛ اما این ذره‌ای از تعجب گریس در این باره که کریستینا خانه‌ی خود را برای او به ارث باقی گذاشته است، کم نمی‌کرد. برای همین هم گریس تصمیم می‌گیرد تا یک صبح از جا بلند شود و بلیت یک‌طرفه‌ای به مقصد این جزیره بگیرد. گریس به خانه‌ای که حالا تماماً متعلق به اوست می‌رسد و با عمارتی قدیمی و نسبتاً ویران مواجه می‌شود که در آن تنها یک نامه از طرف کریستینا برای او قرار داده شده است. راز مرگ کریستینا، مسئله‌ای است که ذهن گریس را بسیار به خود درگیر کرده است. یعنی او به همین سادگی در سواحل این جزیره و به هنگام غواصی با مربی خود غرق شده است؟!\r\n\r\nگریس تصمیم می‌گیرد از این خانه‌ی ویران دل بکند و راهی جزیره شود تا هرطور شده از مرگ دوست و همکار خود سر دربیاورد. قدم اول این است که به سراغ مربی غواصی کریستینا برود، در لحظه‌ای که کریستینا غرق شده است او هم آن‌جا حضور داشته است؛ بنابراین چه کسی بهتر از او برای پاسخ دادن به پرسش‌های گریس؟ هرچند که محلی‌ها به گریس درباره‌ی نزدیک شدن به مربی غواصی هشدار داده‌اند؛ اما او تصمیم می‌گیرد همراه با مربی سوار قایقی شود و به دل آب بزند تا او داستان روز غرق شدن کریستینا را برای او شرح بدهد. اما درست وقتی‌که آن‌ها به نقطه‌ای می‌رسند که کریستینا در آن مکان غرق شده بود، نور مرموز و شگفت‌انگیزی ظاهر می‌شود. نوری که به گریس نیروهای عجیب و خارق‌العاده‌ای می‌بخشد: گریس از این پس می‌تواند ذهن افراد را بخواند، تنها با نگاه کردن اشیا را جابه‌جا کند و البته، گریس این قابلیت را پیدا می‌کند که عمق زندگی کردن به شیوه‌ای لذت‌بخش را درک کند. حالا گریس مسلح به این ابزار جادویی، می‌رود تا از اسرار کشته شدن دوست خود سر در بیاورد.\r\n\r\nکتاب زندگی ناممکن داستانی بسیار ساده، صمیمی و روان است و دربردارنده‌ی عناصر سبکی ادبیات رئالیسم جادویی و ادبیات فانتزی است. ما برای این‌که بتوانیم به طور دقیق با گریس همراه شویم باید بدانیم که او چه حوادثی را در زندگی شخصی‌اش پشت سر گذاشته است؛ به غیر از مرگ شوهرش، او پسرش را هنگامی‌که بسیار کوچک بوده است از دست می‌دهد و تا سال‌های طولانی این مسئله بر روحیه‌ی او تأثیر بسیاری می‌گذارد و باعث می‌شود تا گریس عذاب وجدان بسیاری را در این باره احساس کند. این رمان به ما یادآوری می‌کند که هیچ‌وقت برای زندگی کردن و چشیدن طعم شیرین تک‌تک لحظات زندگی دیر نیست. ما هنوز هم می‌توانیم برای بهبود روحیه‌ی خودمان قدم برداریم، خودمان را ببخشیم و شادی را از نو در آغوش بکشیم. کتاب زندگی ناممکن نوشته‌ی مت هیگ، در عین این که بسیار ساده و روان نگاشته شده است، دربردارنده‌ی مفاهیم عمیقی هم‌چون غم و تنهایی، از دست دادن عزیزان و پذیرش اندوه است.'),
(46, 'کتاب قلعه مالویل', 'روبر مرل', '2023', 'uploads/6880461687512230.jpg', 3, 150000, 'کتاب قلعه مالویل رمانی پادآرمان‌شهری از روبر مرل است و جامعه‌ای را به تصویر می‌کشد که در اثر یک انفجار هسته‌ای بزرگ نابود می‌شود. بازماندگانی اندک به رهبریِ شخصی به نام امانوئل کنت بسیج می‌شوند تا جامعه‌ی انسانی را از نو بسازند؛ غافل از اینکه خطراتی از جانب گروه‌های دیگری از بازماندگان در گوشه و کنار آن‌ها را تهدید می‌کند.', '2025-02-27 15:51:46', 'کتاب قلعه مالویل (Malevil) درباره‌ی تمدنی انسانی صحبت می‌کند که ابتدا با خاک یکسان و سپس از نو ساخته می‌شود. امانوئل کنت در روستایی در فرانسه، مزرعه‌دار است و قلعه‌ی مالویل را به‌عنوان مکانی توریستی ساخته است. زمانی که او و چند همکارش در انبار شراب‌گیری مشغولِ کارند، صدای انفجار مهیبی به گوش می‌رسد و سپس گرمایی شدید ساطع می‌شود. وقتی از انبار بیرون می‌آیند، متوجه می‌شوند که انفجاری هسته‌ای رخ داده و درنتیجه‌ی آن، تمدن و حیات بشری در جهان توسط منبعی ناشناخته نابود شده است. آن‌ها شانس این را داشته‌اند که در انبار زیرزمینی از صدمات انفجار در امان بمانند. حالا این چند نفر تنها بازماندگانی هستند که باید برای بنیان‌گذاری جامعه‌ای جدید تلاش کنند.\r\nروبر مرل (Robert Merle) یکی از نویسندگانی است که در حوزه‌ی ادبیات جنگ بسیار موفق عمل کرده است. او با نظر به بمباران اتمی هیروشیما و ناکازاکی در خلال جنگ جهانی دوم به دستور رئیس جمهور وقت آمریکا، ایده‌ی داستانی خود را بسط و گسترش می‌دهد. روبر مرل این انفجار هسته‌ای را به کل دنیا تعمیم داده و شخصیت‌های کتابِ قلعه مالویل را در شرایطی قرار می‌دهد که باید به‌تنهایی شروع به آبادانی و گسترش حیات روی کره‌ی زمین کنند.\r\n\r\nامانوئل که از پیش سودای رهبری در سر داشته، پیشوای گروهِ بازماندگان می‌شود و دست در دست یکدیگر چالش‌های بازسازی یک جامعه‌ی انسانی را از سر می‌گذرانند، اما خیلی زود متوجه می‌شوند که انسان‌ها و حیوانات دیگری نیز در مناطق مجاور از این حادثه جان سالم به در برده‌اند. رویارویی با هریک از این گروه‌های بازمانده، خود دردسرهای تازه‌ای ایجاد می‌کند. گرچه انتظار می‌رود وجود تعداد بیشتری از آدم‌ها، کارِ آبادانی و بازسازی جامعه را آسان‌تر کند، اما بسیاری از این گروه‌ها تهدیدهای جدی به حساب می‌آیند و با خود مرگ و ویرانی به بار می‌آورند. اما بزرگ‌ترین تهدید، از سوی گروهی دیکتاتور است که شورشیان غارتگر اعضای آن را تشکیل می‌دهند و روستای مجاور را به تصرف خود درآورده‌اند.\r\n\r\nروبر مرل از موضوعاتی همچون مذهب، سیاست، جامعه‌ی روستایی و جایگاه زنان و نقش رئیس در جامعه، موقعیت‌های داستانی جذابی خلق می‌کند. جهانِ رمان قلعه‌ی مالویل شاید در ظاهر خیالی به نظر برسد، اما بسیار به جوامعی که در آن زندگی می‌کنیم شباهت دارد. و همین نکته سببِ هم‌ذات‌پنداریِ مخاطبان با داستان می‌شود.'),
(47, 'کتاب آوای یخ و آتش ', 'جرج آر. آر. مارتین', '2023', 'uploads/9717819007269344.jpg', 3, 100000, 'جنگ بر سر رسیدن به تاج و تخت در هفت پادشاهی در کتاب آوای یخ و آتش 7 - توفان تیغ‌ها 3 به قلم جرج آر. آر. مارتین همچنان پابرجاست. درگیری‌های شدید نظامی و سیاسی، خیانت‌ها و نارو زدن‌ها و نابکاری‌ها به قوت خود، حتی افزون‌تر، ادامه دارد و همه‌ی این‌ها تنها برای به دست گرفتن قدرت و نشستن بر تخت آهنین است.', '2025-02-27 15:53:19', 'جهان کتاب آوای یخ و آتش 7 - توفان تیغ‌ها 3 (A Storm of Swords) نوشته‌ی جرج آر. آر. مارتین (George R.R. Martin)، خاستگاه آشوب است و سرمنشأ هرج‌ومرج. با گسترش جنگ میان پنج پادشاه، افراد تازه‌ای با یکدیگر دست دوستی داده و متحد می‌شوند و یاران و هم‌رزمان سابق از همدیگر می‌پاشند. براثیون‌ها و گریجوی‌ها از یک سو در تکاپوی رسیدن به قدرت هستند و دنریس تارگرین همراه اژدهایانش که روزبه‌روز دارند بزرگ‌تر می‌شوند، از سوی دیگر به راهش به‌طرف شرق ادامه می‌دهد تا بتواند دوباره میراث بر حق خود را تصاحب کند. آریا استارک، کوچک‌ترین فرزند خاندان استارک، یک‌تنه و مصمم در هفت پادشاهی می‌گردد تا انتقام پدرش، ند استارک، را بگیرد. او در این راه، با تغییر چهره و هویت‌های بسیار، در ریورلندزِ جنگ‌زده سفر می‌کند تا در نهایت توسط تایوین لنیستر مستبد اسیر گرفته و به‌عنوان خدمتکار گماشته می‌شود.\r\n\r\nدر کتاب آوای یخ و آتش 7 - توفان تیغ‌ها 3 نوشته‌ی جرج آر. آر. مارتین می‌خوانیم، دنریس تارگرین که به شهر کارت رسیده بود، اکنون برای حراست از متحدین و منابع خود به‌منظور بازپس‌گیریِ تاج و تختش، با مشکلات و معضلات فراوان و البته فرصت‌هایی هم مواجه می‌شود. رابطه‌ی دنریس تارگرین در این راه با اژدهایانش بیشتر و عمیق‌تر می‌شود و جرج آر. آر. مارتین به این شکل، قدرتمندتر شدن و توانمندتر شدن دنریس را به‌عنوان یک قطب نیرومندِ مستقل، به تصویر می‌کشد. جرج آر. آر. مارتین که به گفته‌ی چند منتقد یکی از بهترین فانتزی - حماسی‌نویس‌های دوران کنونی است، با مهارت و قلم گیرای خود توانسته جهانی وسیع با تیپ‌های شخصیتی گوناگون خلق کند که چندوجهی و لایه‌لایه هستند. همین امر باعث شده تا این مجموعه‌ی جلدی غنی، پرمغز و خواندنی باشد و حتی توجه شبکه‌ی HBO را نیز به خود جلب کند تا سریالی اقتباسی از روی آن بسازد. شما علاقه‌مندان نیز می‌توانید این کتاب را با ترجمه‌ی رکسانا شیرزادی که به یاری نشر موج چاپ و منتشر شده است، تهیه کنید.'),
(48, 'کتاب خاطرات جنگ خوک', 'آدولفو بیوئی کاسارس', '2024', 'uploads/103777.jpg', 3, 91000, 'رمان خاطرات جنگ خوک در دنیایی پادآرمان‌شهری روایت می‌شود که پیری و سالمندی را به چشم جرم می‌بینند. حال، ایسیدورو ویدال و دوستان پیرش در تلاش‌اند تا در این جامعه‌ی هولناک جان به در ببرند.', '2025-02-27 15:54:43', 'ماجرای کتاب از زبان ایسیدورو ویدال روایت می‌شود؛ پیرمردی شصت‌ساله که او را در محل دٌن ایسیدورو صدا می‌زنند. در این جهان خیالی و دیستوپیایی که جوانان به پیرمردها حمله‌ور می‌شوند و تهدیدشان می‌کنند و حتی آن‌ها را می‌کُشند، دن ایسیدور و دیگر رفقای هم‌سن‌وسالش می‌کوشند تا هرطور شده زنده بمانند. این پیرمردان که روزبه‌روز وحشت‌زده‌تر از قبل می‌شوند، می‌بینند که دوستانشان ناپدید یا کشته می‌شوند. جوانان این جامعه علت تمام معضلات و کمبودها را از چشم پیرمردها می‌بینند و آن‌ها را مقصر می‌دانند. آدولفو بیوئی کاسارس در کتاب خاطرات جنگ خوک از پی‌رنگ نیمه‌فانتزی بهره می‌برد تا تقابل بین نسل جوان و پیر را شرح بدهد. آدولفو بیوئی کاسارس (Adolfo Bioy Casares) در این رمان کنایه می‌زند به دورانی که دیکتاتوری نظامی در آرژانتین برقرار بود و منتقدان نظام و مخالفان سیاسی را شدیداً سرکوب می‌کردند. قصد نویسنده از خلق چنین فضایی در اثرش این است که خشونت و نابرابری و عدم عدالت را در جوامع دیکتاتوری با زبانی تند نقد کند.\r\nایسیدورو ویدال شصت‌ساله، پیرمردی ازپاافتاده و تنهاست که در این جامعه‌ی فلاکت‌زده و پر از جوانان خشمگین که بویی از انسانیت نبرده‌اند، می‌کوشد ارزش‌های انسانی را زیر پا نگذارد. او با تمامی این اتفاقات و مصیبت‌ها همچنان در پی یافتن معنای زندگی است. آدولفو بیوئی کاسارس در کتاب خاطرات جنگ خوک (Diary of the War of the Pig) در کنار شخصیت اصلی قصه‌اش، افراد پیر دیگری را خلق کرده که هرکدامشان بخش‌های مختلفی از جامعه‌ی مسن و پیر را نشان می‌دهند و با مشکلات خاص خودشان مواجه هستند. نویسنده با ارجاعاتی که به وقایع سیاسی آن دوران آرژانتین زده، باعث شده که رمانش تمثیلی باشد از سرمنشأ تمام سرکوب‌هایی که روی چریکی‌ها و مردم مخالف اعمال شده بود.'),
(49, ' کتاب نت‌ خوانی', 'هالی دی', '2022', 'uploads/2870722355479174.jpg', 1, 33000, 'کتاب نت خوانی با ترجمه‌ی گلناز نویدان به یاری نشر آوند دانش منتشر شده است.', '2025-02-27 15:57:42', 'مایکل پیلوفر و هالی دی در کتاب نت خوانی تمام تلاششان را می‌کنند تا با زبانی ساده و بدون هیچ پیچیدگی و سختی علم و زبان موسیقی را بیاموزید. مایکل پیلوفر (Michael Pilhofer) خودش مدرس تئوری موسیقی و ساز تخصصی‌اش پرکاشن است و هالی دی (Holly Day) در یک گروه ادبی، نویسندگی تدریس می‌کند و چندین مقاله‌ی تخصصی در زمینه‌ی موسیقی به چاپ رسانده است. به همین‌خاطر، کتاب نت خوانی از لحاظ ساختاری کتابی درست و کاربردی است که با مطالعه‌ی آن می‌توانید سواد موسیقایی خود را بالا ببرید و از دیدن نت و کلیدهای مختلف روی صفحه‌ی تبلت یا کاغذ دیگر وحشت نکنید.\r\n\r\nاگر یادگیری زبان موسیقی را با یادگیری مباحثی مانند ریاضیات و زبان دوم مقایسه کنیم، متوجه خواهیم شد که اصلاً در آن حد دشوار نیست و می‌توان با تلاش بسیار و در زمان کوتاه بر تئوری موسیقی مسلط شد. ممکن است اگر گیتاریست باشید، نوازندگی را از راه شنیدن و با استفاده از تبلچر آموخته باشید و حتی بتوانید خیلی خوب آهنگ‌هایی را بنوازید. اما باید بگوییم که این شیوه‌ی یادگیری دوامی ندارد و اگر نت‌خوانی و تئوری موسیقی ندانید، ساز نواختن‌تان فایده‌ای نخواهد داشت. چون نت‌خوانی فوایدی دارد و تبلچر آن اطلاعاتی را که یک موزیسین باید داشته باشد، در اختیارش قرار نمی‌دهد؛ اطلاعاتی مثل ریتم و مقدار کشش نت‌ها و اندازه‌ی سکوت‌ها و غیره. شما اگر زبان موسیقی و نت خوانی را خوب یاد بگیرید، می‌توانید قطعات موسیقی را دقیق‌تر بنوازید و ضبط کنید. شما اگر پیانیست باشید یا ساکسیفون بنوازید، تبلچر به هیچ کارتان نخواهد آمد، مگر این‌که ساز اصلی‌تان گیتار باشد که این هم از استثنای سازهای زهی است. هرچند که اگر گیتار هم می‌نوازید، باز نباید فقط به تبلچر تکیه کنید و بهتر است که نت‌خوانی را خوب بلد باشید.\r\n\r\nکتاب نت خوانی (For Dummies) شما را با آسان‌ترین روش کاملاً‌ با نت‌نویسی معیار آشنا می‌کند. شما در این کتاب مطالب بسیاری درباره‌ی تنالیته و آکوردها خواهید آموخت و متوجه خواهید شد که چرا بعضی از نت‌ها دسته دارند و چرا در نت‌نویسی بعضی از نت‌ها را با رنگ سفید و بعضی‌های دیگر را با رنگ سیاه نشان می‌دهند. مایکل پیلوفر و هالی دی در این کتاب همچنین از موضوعات جالبی مثل ریتم و انواع میزان‌ها و هارمونی و ملودی و سنکوپ صحبت کرده‌اند و آموزش می‌دهند که یک ضرب کامل با نیم‌ضرب فرق دارد. همچنین با گام‌های مختلف آشنا خواهید شد که به تقویت گوش موسیقایی‌تان بسیار کمک می‌کند و پس از شنیدن موسیقی می‌توانید گام آن را تشخیص دهید.'),
(50, 'کتاب تئوری کاربردی موسیقی', 'فرشید بیانی شهری', '2020', 'uploads/9593802813437668.jpg', 1, 67000, 'این کتاب راهنما، پس‌ از اینکه تاریخچه و انواع موسیقی را شرح می‌دهد، به سراغ دستگاه‌های آوازی ایرانی می‌رود و آوازهایی همچون بیات ترک، افشار، همایون، اصفهان و شوشتری را معرفی می‌کند.', '2025-02-27 15:58:50', 'موسیقی یکی از اولین هنرهایی‌ست که بشر به آن مشغول بوده است. شواهد تاریخی نشان می‌دهد احتمالاً انسان‌ها در حدود چهل‌هزار سال پیش ادوات موسیقی داشته‌اند و می‌توانسته‌اند با آن‌ها نواهایی موزون تولید کنند. برخی از محققان تصور می‌کنند، موسیقی تقریباً همراه با زبان شکل گرفته و ریشه‌های مشترکی بین این دو وجود دارد. این در حالی است که عده‌ای دیگر اعتقاد دارند این هنر متعلق به دوره‌ی پیشازبانی بشر است و آن را باید نمونه‌ی اولیه‌ای از زبان انسان دانست. این جدل‌ها باعث شده تا در حوالی قرن بیستم، حوزه‌ای تحت عنوان تئوری موسیقی شکل بگیرد. این نظریه صرفاً به موضوع تکامل تاریخی موزیک نمی‌پردازد، بلکه آن را از جنبه‌های فنی و تکنیکال و حتی تجریدی هم بررسی می‌کند. مثلاً گاهی نمادهای موسیقی و سیر تکاملی آن‌ها را توضیح می‌دهد، یا برخی مواقع به گام‌ها و روابط ریتمیک آن می‌پردازد. برای آشنایی با مفاهیم اصلی این هنر کتاب‌های زیادی در دسترس است و می‌توان از آن‌ها استفاده نمود. یکی از این آثار، کتاب تئوری کاربردی موسیقی برای کلیه‌ی نوازندگان و خوانندگان، تألیف فرشید بیانی شهری است که کوشیده قواعد و کلیات این هنر را تماماً توضیح دهد. بیانی شهری که خود نوازنده و موسیقیدانی برجسته است، در این اثر حاصل بیش از پنجاه سال تجربیاتش را گردآوری کرده و تلاش نموده مفاهیمی همچون نت، فواصل، گام‌ها، هارمونی، نوانس و تمپو را با زبانی ساده تشریح نماید.\r\n\r\nایران یکی از اولین سرزمین‌هایی بوده که موسیقی در آن شکل گرفته و رواج پیدا کرده. کاوش‌هایی که در منطقه‌ی ایلام انجام شده، نشان داده در حدود 3000 سال پیش از میلاد مسیح در این منطقه سازهایی شبیه به چنگ وجود داشته است. با اینکه اطلاعات کمی از این دوران موجود است، اما محققان اعتقاد دارند موسیقی بخشی از فرهنگ ایران بوده. کما اینکه گِزنفون یونانی در سفرنامه‌ی ایرانش اشاره کرده که در بارگاه پادشاه ایران زنان خواننده را دیده است، اما مهم‌ترین دوره‌ی موسیقی ایران که شواهد زیادی هم از آن باقی مانده، مربوط به ساسانیان است. یعنی دقیقاً همان زمانی که زبان فارسی در حال تکامل بود و ادبیات و شعر فارسی به وجود می‌آمد، موسیقی این سرزمین نیز اعتلا پیدا کرد. بسیاری از پادشاهان ساسانی از این هنر حمایت می‌کردند و همین باعث شد هنرمندان بزرگی پا به عرصه بگذارند و دوره‌ای طلایی شکل بگیرد. از آن زمان تاکنون، موزیک ایرانی تکامل زیادی پیدا کرده است. نمونه‌ی آن تکثر دستگاه‌های آوازی فارسی است که همچنان رایج هستند و از منحصربه‌فردترین نمونه‌های دنیا محسوب می‌شوند. فرشید بیانی شهری در کتاب تئوری کاربردی موسیقی برای کلیه‌ی نوازندگان و خوانندگان، به این دستگاه‌ها به‌تفصیل می‌پردازد و آن‌ها را معرف می‌نماید. نویسنده پس‌ از اینکه تاریخچه‌ی موسیقی را تشریح می‌کند، به بحث دستگاه‌های ایرانی وارد می‌شود و آوازهایی همچون بیات ترک، افشار، همایون، اصفهان، راست پنجگاه، ماهور، نوا، سه‌گاه، چهارگاه و شوشتری را توضیح می‌دهد.'),
(51, 'کتاب تئوری موسیقی (ویراست جدید)', 'هالی دی', '2023', 'uploads/9334142393093586.jpg', 1, 126000, 'کتاب تئوری موسیقی اثر مایکل پیلوفر و هالی دی یک کتاب جامع و کاربردی برای تمام نوآموزان موسیقی است که می‌خواهند درست و اصولی مفاهیم، مبانی و اصطلاحات بنیادین موسیقی را فرابگیرند.', '2025-02-27 16:00:04', 'اگر تجربه‌ی یادگیری زبان جدیدی را داشته باشید خوب می‌دانید که در شروع فرایند یادگیری، زبان‌آموز با مشکلات متعددی مواجه است. یکی از این چند مشکل یاد گرفتن الفبای آن زبان جدید است. معمولا منابع بسیار زیادند و اگر کتابی وجود نداشته باشد که همه‌ی بدیهیات را در خود جای دهد، فرد تا مدت‌ها گیج باقی می‌ماند. بنابراین بهترین راه برای شروع یادگیری داشتن منبعی است که مفاهیم را با ساده‌ترین بیان ارائه دهد. مایکل پیلوفر (Michael Pilhofer) و هالی دی (Holly Day) در کتاب تئوری موسیقی (ویراست جدید) (Music Theory For Dummies) چنین عملکرد ارزنده‌ای را در حیطه‌ی یادگیری موسیقی انجام داده‌اند.\r\n\r\nپیلوفر کتاب خود را در شش بخش و بیست فصل تدوین کرده است. در بخش اول که با عنوان «مقدمه» در کتاب ذکر شده است، خواننده با تعاریف کلی آشنا می‌شود و تلاش می‌کند تا گزاره‌های درست را جایگزین ذهنیت‌های غلط درباره‌ی موسیقی و علم متصل به آن کند. این بخش که خود شامل پنج فصل است مخاطب را به‌آرامی برای فصل‌های بعدی آماده می‌کند. در بخش دوم خواننده در طی شش فصل پیاپی با نت‌ها و اصطلاحات دیگر مربوط به آن‌ها آشنا می‌شود. اگر شما با دنیای موسیقی مطلقا غریبه باشید با خواندن این فصل با مفاهیمی مانند «نت»، «گام‌ ماژور و مینور»، «فاصله» و «آکورد» آشنا می‌شوید.'),
(52, 'کتاب آوازخوانی', 'پاملیا فیلیپس', '2024', 'uploads/2230251239220136.jpg', 1, 89000, 'به سبک‌ها و ژانرهای موسیقی اشاره دارد و به نکاتی درباره‌ی غلبه بر ترس از صحنه می‌پردازد..', '2025-02-27 16:01:48', 'در کتاب آوازخوانی (Singing For Dummies) با تکنیک‌های اولیه‌ی این مهارت آشنا می‌شوید. پاملیا فیلیپس (Pamelia S. Phillips) در ابتدا از اهمیت تنفس می‌گوید و به شما یاد می‌دهد که چگونه به‌درستی در جایتان قرار بگیرید و نفس بکشید تا صدایتان در حین آواز خواندن بهترین حالت ممکن را داشته باشد. تمرین‌هایی که فیلیپس در خلال کتاب به شما می‌دهد، برای گرم کردن صدا و گسترش محدوده‌ی آواز بسیار مؤثر خواهد بود. یکی از مهم‌ترین نکات این اثر، در گوش دادن به موسیقی و پروراندن شم موسیقایی است. از نظر فیلیپس شنیدن صدای بهترین خوانندگان دنیا خودش کلاس درسی است که همه‌ی عاشقان خوانندگی باید آن را بگذرانند. بهبود فن بیان و تلفظ صحیح کلمات نیز در این کتاب آموزش داده می‌شوند.\r\n\r\nبخشی از کتاب آوازخوانی به فرایند کشف صدای «خودتان» اختصاص دارد. نویسنده‌ درباره‌ی محدوده‌های آواز سخن می‌گوید و در هر مرحله به شما کمک می‌کند تا محدوده‌ی خویشتن را پیدا کنید. او از اهمیت رزونانس یا شدت صدا نیز صحبت می‌کند و توضیح می‌دهد که چطور این تکنیک، کیفیتی منحصربه‌فرد به صدای شما می‌دهد. یکی از تمرین‌های تأثیرگذار در خوانندگی، فالستو نام دارد. پاملیا فیلیپس در کتابش به این تمرین می‌پردازد و همه‌ی تکنیک‌های مربوط به آن را روشن می‌کند.\r\n\r\nپاملیا فیلیپس پس از این‌که تکنیک‌های پایه‌ای آوازخوانی را آموزش می‌دهد، به سراغ ترفندهای اجرا در مقابل گروهی از مردم می‌رود. توصیه‌های ارزشمند نویسنده درباره‌ی آماده شدن برای اجرا، حضور در صحنه و غلبه کردن بر ترس از صحنه، نحوه‌ی ارتباط با مخاطبان و روش اجرای زنده‌ی آهنگ به شما کمک می‌کند که با طرفداران رابطه‌ی بهتری برقرار کنید.\r\n\r\nبخشی از کتاب آوازخوانی به انواع مختلف میکروفون، شیوه‌ی استفاده از آن‌ها در اجرای زنده، اصول اولیه‌ی آماده کردن تجهیزات و کار با یک مهندس صدا اختصاص دارد. علاوه‌بر همه‌ی این موارد، نویسنده درباره‌ی نحوه‌ی انتخاب آهنگ‌های مناسب با سبک و صدای خودتان نیز صحبت می‌کند. پاملیا فیلیپس در پایان کتاب به اهمیت حفظ سلامت صدا اشاره دارد. احتمالاً همه‌ی کسانی که از صدایشان کسب درآمد دارند، می‌دانند که سیگار، الکل و کافئین بر تارهای صوتی تأثیری منفی خواهد گذاشت. اهمیت استراحت مناسب و نوشیدن آب بر کسی پوشیده نیست. مشکلات رایجی مانند گرفتگی یا خستگی صدا برای حرفه‌ای‌ترین خواننده‌ها هم پیش می‌آید؛ پس بهترین کار این است که به دستورالعمل‌های کتاب عمل کنید.\r\n\r\nکتاب آوازخوانی مانند دیگر جلدهای مجموعه‌ی دامیز پر است از راهکارهای مرحله به مرحله، نکات مفید و تجربه‌های پاملیا فیلیپس از سال‌ها آموزش. فیلیپس دکترای خود را در حوزه‌ی هنر موسیقی گرفته است و در اپرای آمریکا فعالیت می‌کند. اپراهای اجراشده‌ی وی بسیار مشهور هستند و اغلب نقش‌های اصلی به وی سپرده می‌شود؛ مانند نقش اصلی اپرای کارمن یا جادوگر در اپرای هانسل و گرتل. پاملیا اغلب با ارکستر سمفونیک نیویورک و دیگر گروه‌های سمفونی آمریکا به‌عنوان خواننده‌ی مهمان همکاری می‌کند. دکتر فیلیپس در زمینه‌ی تدریس نیز ید طولایی دارد و دوره‌هایش در مؤسسه‌ی تئاتر و فیلم لی استراسبرگ، مدرسه‌ی بازیگری آتلانتیک، کالج واگنر، دانشگاه آریزونا برگزار می‌شود. بازیگران برادوی و خوانندگان اپرا از رهنمودهای وی بهره‌ی بسیاری برده‌اند.'),
(53, 'کتاب آموزش آسان پیانو', 'آیلین آگاهی', '2024', 'uploads/1066766208000195.jpg', 1, 67500, 'کتاب آموزش آسان پیانو به روش آیلین آگاهی نوشته‌ی آیلین آگاهی با توضیحات دقیق و تمرین‌های کاربردی، مناسب برای مبتدیان و علاقه‌مندان به موسیقی است. این کتاب شما را قدم‌به‌قدم همراهی می‌کند تا به‌سرعت مهارت‌های پیانو را به دست آورید و از نوازندگی لذت ببرید.', '2025-02-27 16:03:06', 'یادگیری پیانو اغلب به‌عنوان یکی از دشوارترین مهارت‌ها در دنیای موسیقی تلقی می‌شود، اما با بهره‌گیری از متدهای ساده و جامع، این فرایند می‌تواند بسیار لذت‌بخش و آسان‌تر گردد. کتاب آموزش آسان پیانو به روش آیلین آگاهی با ارائه‌ی روشی گام‌به‌گام و کاربردی، به همه‌ی علاقه‌مندان، از مبتدی تا حرفه‌ای، این امکان را می‌دهد تا مهارت‌های خود را بهبود بخشند و با اعتماد به نفس بیشتری به نوازندگی پیانو بپردازند.\r\n\r\nاین کتاب با ترکیب توضیحات دقیق و تمرین‌های عملی، یک منبع ارزشمند برای همه‌ی کسانی است که می‌خواهند نواختن پیانو را به‌صورت اصولی و حرفه‌ای بیاموزند. هر فصل از کتاب به گونه‌ای طراحی شده که بتواند قدم‌به‌قدم شما را به سمت تسلط بر این ساز هدایت کند. کتاب از آموزش مقدماتی‌ترین نکات تا تکنیک‌های پیچیده‌تر، را در هر بخش به‌طور کامل پوشش داده است.\r\n\r\nآیلین آگاهی با توجه به تجربه‌ی خود در تدریس پیانو، سعی کرده است تا مفاهیم موسیقی را به ساده‌ترین شکل ممکن توضیح دهد. این روش باعث شده که حتی کسانی که هیچ پیش‌زمینه‌ای در موسیقی ندارند، بتوانند به‌راحتی با مطالب کتاب ارتباط برقرار کنند و پیشرفت چشمگیری داشته باشند. همچنین، این کتاب شامل نکات انگیزشی و توصیه‌هایی برای حفظ انگیزه و تمرکز در طول مسیر یادگیری است.\r\n\r\nیکی از نقاط قوت کتاب آموزش آسان پیانو به روش آیلین آگاهی، ارائه‌ی تمرین‌های تدریجی است که به‌طور متناسب با سطح یادگیری خواننده تنظیم شده‌اند. این تمرین‌ها به گونه‌ای طراحی شده‌اند که با هر بار تمرین، شما یک قدم به هدف نهایی نزدیک‌تر شوید. از آنجا که یادگیری پیانو نیازمند تمرین مداوم و پیوسته است، این تمرین‌ها به شما کمک می‌کنند تا به‌صورت مداوم و مستمر پیشرفت کنید.'),
(54, 'کتاب هنر تنها بودن', 'رنوکا گاورانی', '2024', 'uploads/8837651947321206.jpg', 5, 38000, 'کتاب هنر تنها بودن نوشته رنوکا گاورانی به ما نشان می‌دهد که تنهایی چه موهبت بزرگی است و چگونه می‌توانیم از آن به بهترین شکل لذت ببریم و از این فرصت در راستای پیشرفت خود استفاده کنیم.', '2025-02-27 16:05:35', 'تلفن خانه را از برق می‌کشید و دور موبایلتان را با ورق آلومینیومی می‌پوشاندید تا هر کسی با شما تماس بگیرد، پیغام «مشترک موردنظر در دسترس نیست» را بشنود. آیفون را خاموش کرده و با ظرفی پر از سیب‌زمینی سرخ‌کرده و لیوان 400 میلی‌لیتری نوشابه‌ی کوکاکولا، فیلم موردعلاقه‌تان را تماشا می‌کنید. وقتی فیلم تمام شد، می‌توانید از بین گزینه‌های پیش رویتان، رسیدگی به پروژه‌ها، کتاب خواندن، گوش دادن به پادکست، پیاده‌روی یا حتی شرکت در یک مهمانی بزرگ، هر کدام را که دوست دارید، انتخاب کنید. شما آزاد هستید که حتی در میان برف و بوران زمستان، پنجره‌ها را باز بگذارید و نور خانه را به شکلی که راحتید تنظیم کنید. حتی می‌توانید ساعت سه نصف شب از خواب بیدار شوید و با موسیقی تکنو برقصید. همه این‌ها از مزایای تنها بودن است؛ همان چیزی که اغلب قدرش را نمی‌دانیم و سعی می‌کنیم آن را همچون زباله‌ای بی‌ارزش کنار بگذاریم. کتاب «هنر تنها بودن» (The Art of Being ALONE) به ما نشان می‌دهد که تنهایی یک انتخاب هوشمندانه است و اگر بتوانیم به درستی از آن استفاده کنیم، آن‌قدر لذت‌بخش خواهد بود که دیگر هیچ‌گاه نمی‌خواهیم آن را رها کنیم.\r\n\r\nدقیقاً نمی‌دانیم نخستین کسی که تنها بودن را با بدبخت بودن یکسان دانست، چه کسی بود؛ اما رنوکا گاورانی (Renuka Gavrani) می‌کوشد تا نادرست بودن این فرضیه را با ما در میان بگذارد. بخش عظیمی از احساس بدی که نسبت به تنهایی داریم، به یک دلیل برمی‌گردد: رسانه. در فیلم‌های سینمایی، کتاب‌ها و موسیقی‌ها، آدمی که تنهاست، طرد شده است. کسی او را دوست ندارد و کم‌کم به افسردگی و خودتحقیری دچار می‌شود؛ درصورتی که گروهی از آدم‌های تنها، اگر به تعامل با دیگران تمایل داشته باشند، می‌کوشند تا شبیه به اطرافیانشان رفتار کنند و علاقه‌ی آن‌ها را به خود جلب نمایند؛ گروه دیگری از افراد تنها هم حدأقل به سه نفر از دوستانشان به‌دروغ گفته‌اند که در شهر حضور ندارند و بقیه‌ی دوستانشان را هم به شیوه‌ای دیگر دست به سر کرده‌اند تا بتوانند در تنهایی محض وقت بگذرانند و کسی مدام رشته‌ی افکارشان را به پنبه تبدیل نکند.'),
(55, 'کتاب رهایی، طریقت تسلیم', 'دیوید آر هاوکینز', '2024', 'uploads/1870411048911676.jpg', 5, 45000, 'کتاب رهایی، طریقت تسلیم در این مسیر که انتهایش آرامش است، با شما همراه خواهد بود. دیوید آر هاوکینز به شما نشان می‌دهد چطور در برابر رخدادهای زندگی به صلح و پذیرش برسید و شادمانی را به‌دست آورید.', '2025-02-27 16:06:45', 'ما همیشه نگرانیم. می‌ترسیم بی‌پول شویم. از جنگ و مشکلات اجتماعی و جهانی واهمه داریم. تنهایی و بیماری وحشت‌زده‌مان می‌کند و چنگال‌های استرس گلویمان را خراش می‌دهند. ما نمی‌دانیم حتی اگر بدترین بلاها هم نازل شود، باز هم بهتر از فاجعه‌ای است که با غصه خوردن بر سر خودمان آوار می‌کنیم. به‌قول سیمین دانشور: «غصه یعنی سرطان!». تسلیم شدن در دنیای امروزی ویژگی مثبتی نیست. همه می‌گویند باید برای همه‌چیز بجنگیم که این نبرد مقدس است. اما واقعاً درحال ستیز برای چه چیزی هستیم؟ آیا مدام دویدن و شبانه‌روز جنگیدن، حال ما را بهتر کرده است؟ بشر از زمانی که توانست خود را بشناسد، غم را شناخته و از همان موقع تاکنون به هزار راه و طریق متوسل شده تا درمان درد خود را بیابد، اما در هر قدم از آن دورتر شده است. این اکسیر جادویی که قرار است شادی و خوشبختی را در وجود ما جاری کند، تنها در یک چیز نهفته است: پذیرش و به صلح رسیدن. کتاب رهایی، طریقت تسلیم (Letting go: the pathway of surrende) درباره‌ی همین آشتی درونی است که قرار است ما را به مرحله‌ی رهایی و آزادی برساند.\r\n\r\nاز عارفی پرسیدند چه آرزویی داری، گفت: «اینکه هیچ آرزویی نداشته باشم.» طبیعتاً رسیدن به چنین مرحله‌ای خارج از توان ماست اما راهی که ما برای نزدیک شدن به آرامش درونی باید آن را طی کنیم، در نهایت به همین مرحله می‌رسد: وارستگی. ریشه‌ی تمام دردها و غم‌های ما در خواستن و نرسیدن است. تمام عمر رنج می کشیم و اضطراب را تحمل می‌کنیم تا به زندگی خوبی برسیم و نمی‌بینیم که بهای این رسیدن، عمر ماست. حافظ هشتصد سال پیش به این نتیجه رسید که باید کنار جوی بنشیند و گذر عمر ببیند، اما بشر امروزی با وجود این‌همه علم و دانش و فناوری، هرروز خود را از مسیر سعادت دورتر می‌کند.'),
(56, 'کتاب 21 قانون مولانا', 'هاکان منگوچ', '2020', 'uploads/8356663061394543.jpg', 5, 75000, 'کتاب 21 قانون مولانا نسخه‌ای کاربردی برای انسان دردمند امروزی است که از اضطراب‌های او می‌کاهد و روی خوش زندگی را نشانش می‌دهد.', '2025-02-27 16:08:16', 'هاکان منگوچ با نقد و بررسی اشعار مولانا، عرفان و تصوف را در هم می‌آمیزد و به انسانِ سردرگم و آشفته‌ی قرن بیست‌ویکم راه رهایی از افکار موهوم را می‌آموزد. کتاب 21 قانون مولانا در واقع آموزه‌های کهن و آموزه‌های جدید را ترکیب می‌کند تا روشی به دست دهد که مطابقِ نیاز امروز جامعه‌ی بشری باشد. همین امر، کتاب حاضر را با دیگر آثار خودیاری متمایز می‌سازد.\r\n\r\nهمه‌ی ما در فکرِ انجامِ کاری هستیم که زندگی‌مان را در ابعاد گوناگون بهبود بخشیم؛ اما همیشه عمل کردن به افکاری که در ذهن داریم آسان نیست؛ چراکه معمولاً ذهنِ انسان او را فریب می‌دهد. ذهن تمایل دارد ما را به عقب براند و دائماً ناامیدمان کند تا از انجام کاری که می‌خواهیم بازبمانیم. اما واضح است برای رسیدن به حس رضایت درونی، ناچاریم با این افکارِ محدودکننده مقابله کنیم و بر آن‌ها پیروز شویم. هاکان منگوچ فلسفه‌ی خودش را مبنی بر امیدوار بودن در کتاب 21 قانون مولانا تزریق می‌کند. او با وام گرفتن از روان‌شناسی مثبت‌نگر، توصیه می‌کند که به‌جای ناامید شدن، تمام احتمالات را در نظر بگیریم و به‌جای در خانه نشستن، هر کاری که برای تحقق اهدافمان لازم است، انجام دهیم. قابل ذکر است که این تفکر با مثبت‌نگری افراطی و انکار تراژدی‌های زندگی تفاوت دارد.\r\n\r\nهاکان منگوچ خودْ تمام تکنیک‌هایی را که در کتاب 21 قانون مولانا پیشنهاد می‌کند، آزموده است. او در تمام طول مسیر همچون همراهی قابل اعتماد حضور دارد تا ما با نگرشی مثبت خود را مورد ارزیابی قرار دهیم و انرژی درونی و استعدادمان را کشف کنیم. سوالی که این نویسنده را وادار به نوشتن اثر حاضر کرده این است: اگر مولانا در عصر حاضر بین ما زندگی می‌کرد و می‌خواست 21 قانون ضروری و لازم را آماده کند، آن قوانین چه چیزهایی بودند؟ هاکان منگوچ با مطالعه‌ای عمیق در اندیشه‌های مولانا، این 21 قاعده را مدون کرده و حکایاتی از زندگیِ خود و نیز حقایق علمی را به آن‌ها افزوده تا برای انسان امروز ملموس و قابل درک باشد.'),
(57, 'کتاب جسارت تغییر زندگی', 'تیبو موریس', '2024', 'uploads/2338616059797888.jpg', 5, 45000, 'رقابتی که در آن افراد تلاش می‌کنند تا اعتبار، احترام و تأیید دیگران را به دست بیاورند، اما واقعیت این است که ما تا زمانی که به خودسازی و موفقیت شخصی دست پیدا نکرده باشیم، قادر نخواهیم بود تا در برابر زندگی و شکست‌هایش ضدگلوله شویم.', '2025-02-27 16:09:37', 'از جمله مواردی که تیبو موریس در کتاب جسارت تغییر زندگی به آن اشاره می‌کند افزایش تاب‌آوری و پذیرش تغییرات است. او به این امر اشاره دارد که ما باید انعطاف‌پذیری خود را در مواجهه با مشکلات زندگی بالا ببریم و خود را با شرایط جدید زندگی و نوسانات آن تطبیق دهیم. نویسنده بر این باور است که اگر ما بتوانیم بدون از دست دادن کنترلمان بر عواطف و احساسات دشوار با مشکلات و سختی‌ها مواجه شویم، قادر خواهیم بود تا تجربیات منفی خود را به درس‌ها و فرصت‌هایی برای رشد و پیشرفت در زندگی تبدیل کنیم.\r\n\r\nیکی از مهم‌ترین موقعیت‌هایی که رشد و پیشرفت شخصی ما در آن نمود بسیار ویژه‌ای پیدا خواهد کرد، موقعیت‌های اجتماعی مختلف است. وضعیت اجتماعی ما به میزان اعتبار، احترام و توجهی وابسته است که از اطرافیانمان دریافت می‌کنیم، بنابراین ما در تلاش برای بهبود وضعیت اجتماعی خود دست به ایجاد بازی مهمی می‌زنیم که از دیدگاه تیبو موریس در کتاب جسارت تغییر زندگی، بازی وضعیت نام دارد. ما با استفاده از توانایی‌ها و مهارت‌های شخصی‌مان در تلاش خواهیم بود تا روابط اجتماعی خود را با دیگران بهبود بخشیم و به شبکه‌سازی میان گروه‌ها و دسته‌های اجتماعی مختلف بپردازیم، اما مشکلی که ما در بازی وضعیت با آن مواجه هستیم فشارهای روانی و چالش‌های هویتی بسیاری است که تیبو موریس قصد دارد تا ما را نسبت به آنان آگاه سازد و سپس در جهت رفع آن موانع و خطرات به ما کمک کند.\r\n\r\nکتاب جسارت تغییر زندگی: نکاتی در مورد موفقیت، خوشبختی و معنای زندگی، نوشته‌ی تیبو موریس است. ترجمه‌ی این کتاب برعهده‌ی ساسان جعفرنیا و ساناز بهابسته بوده و وظیفه‌ی انتشار آن را نیز انتشارات زمان تغییر برعهده داشته است.'),
(58, 'کتاب بیشعوری', 'خاویر کرمنت', '2021', 'uploads/6786402488032526.jpg', 5, 30000, 'نویسنده در این کتاب، به ارائه‌ی داستان‌ها، مثال‌ها و راهکارهایی برای بهبود کردار و منش انسانی و رهایی از بیشعور بودن، پرداخته است.', '2025-02-27 16:11:06', 'هر انسانی در طول زندگی خود،‌ با بیشعورها در ارتباط بوده یا خود به رفتارهایی که نمایان‌کننده‌ی بیشعوری‌ست، خو گرفته است. خاویر کرمنت (Xavier Crement) نویسنده‌ی کتاب بیشعوری: راهنمای عملی برای شناخت و درمان خطرناک‌ترین بیماری تاریخ بشریت (Asshole no more)، اعتراف می‌کند که خود یک بیشعور بوده است و حال در مسیر اصلاح رفتارهای خود قرار دارد و هر انسانی باید رفتارهای خود را بشناسد و در مسیر تغییر آن‌ها به‌سمت بهتر شدن گام بردارد. او در اثر ارزنده‌ی خود، موارد و نکاتی را بیان می‌کند تا با هر نوع از شیوه‌های بروز بیشعوری در جامعه و با انواع انسان‌هایی که دچار این بیماری هستند، کاملا آشنا شوید.\r\n\r\nهر کسی ممکن است رفتارهایی آزاردهنده و درون‌مایه‌ای از بیشعوری را درون خود داشته باشد. خواه یک مجری تلویزیونی باشد یا یک پزشک متخصص، یک فرد سیاست‌مدار باشد یا یک کارمند اداری!\r\n\r\nوی معتقد است این یک بیماریست و فردی که چنین رفتارهایی دارد بیمار شناخته می‌شود. زبان طنزگونه‌ی او در نگارش داستان بیشعورها و راهنماییِ کاربردی، ساده و قابل اجرا برای درمان این بیماری خطرناک دنیای مدرن، سبب شده تا کتاب بیشعوری، مورد توجه افراد در سراسر دنیا قرار بگیرد.\r\n\r\nممکن است خیال کنید دیگر به دیدن یک‌سری از رفتارهای آزاردهنده و به‌خصوص همسایه‌ی بی‌فکرتان که حتی زباله‌هایش را به‌موقع و به‌شیوه‌ی بهداشتی، به بیرون از خانه هدایت نمی‌کند، یا به عمل مخاطره‌آمیز دیگر رانندگان در مسیرهای محلی و شلوغ عادت کرده باشید؛ اما نه این‌طور نیست و این رفتارها، باید به‌مثابه‌ی یک بیماری و اختلال شخصیتی درنظر گرفته و درمان شوند.\r\n\r\nخاویر کرمنت، با وسواس و دقت، مثال‌های متعدد و البته صحنه‌های بسیار آشنایی را بازسازی می‌کند تا بیشعورهای اطراف خود را بشناسید و در راستای اصلاح آن‌ها گام بردارید.\r\n\r\nبا مطالعه‌ی این کتاب، ضمن شناخت دقیق و کامل نمودهای بیشعوری، افراد گرفتار در دام بیشعورها و ویژگی‌های آن‌ها، رفتار خود را در قبال جامعه و چنین افرادی تغییر خواهید داد و اولین گام را در جهت ساخت جامعه‌ای بافرهنگ و باشعور برخواهید داشت.');

-- --------------------------------------------------------

--
-- Table structure for table `categories`
--

CREATE TABLE `categories` (
  `category_id` int(11) NOT NULL,
  `category_name` varchar(50) NOT NULL,
  `category_slug` varchar(50) NOT NULL,
  `category_icon` varchar(50) DEFAULT NULL,
  `category_description` text DEFAULT NULL,
  `parent_id` int(11) DEFAULT NULL,
  `created_at` timestamp NOT NULL DEFAULT current_timestamp()
) ENGINE=InnoDB DEFAULT CHARSET=utf8mb4 COLLATE=utf8mb4_persian_ci;

--
-- Dumping data for table `categories`
--

INSERT INTO `categories` (`category_id`, `category_name`, `category_slug`, `category_icon`, `category_description`, `parent_id`, `created_at`) VALUES
(1, 'موسیقی', 'music', '🎵', NULL, NULL, '2026-04-18 05:37:16'),
(2, 'علمی', 'science', '🔬', NULL, NULL, '2026-04-18 05:37:16'),
(3, 'تخیلی', 'fiction', '🚀', NULL, NULL, '2026-04-18 05:37:16'),
(4, 'تاریخی', 'history', '🏛️', NULL, NULL, '2026-04-18 05:37:16'),
(5, 'سایر', 'other', '📚', '', NULL, '2026-04-18 05:37:16');

-- --------------------------------------------------------

--
-- Table structure for table `comments`
--

CREATE TABLE `comments` (
  `comment_id` int(11) NOT NULL,
  `book_id` int(11) NOT NULL,
  `user_id` int(11) NOT NULL,
  `rating` int(11) DEFAULT NULL CHECK (`rating` >= 1 and `rating` <= 5),
  `comment` text NOT NULL,
  `created_at` timestamp NOT NULL DEFAULT current_timestamp(),
  `admin_response` text DEFAULT NULL,
  `response_date` timestamp NULL DEFAULT NULL
) ENGINE=InnoDB DEFAULT CHARSET=utf8mb4 COLLATE=utf8mb4_persian_ci;

--
-- Dumping data for table `comments`
--

INSERT INTO `comments` (`comment_id`, `book_id`, `user_id`, `rating`, `comment`, `created_at`, `admin_response`, `response_date`) VALUES
(16, 24, 15, 5, 'کتاب بسیار جذاب و خواندنی درباره نادرشاه. توصیفات دقیق و مستند هستند.', '2026-01-17 05:45:00', 'سپاس از نظر ارزشمند شما. خوشحالیم که کتاب مورد توجهتان قرار گرفته.', '2026-04-18 04:55:29'),
(17, 25, 16, 4, 'برای شروع مطالعه تاریخ ایران باستان کتاب خوبیه ولی کمی مختصره.', '2026-01-22 12:50:00', 'سپاس از نظر شما', '2026-04-18 04:55:22'),
(18, 34, 17, 5, 'کتاب فوق العاده‌ای برای والدین. راهکارهای عملی و کاربردی ارائه داده.', '2026-01-27 08:15:00', 'ممنون از بازخورد مثبت شما. امیدواریم مفید واقع شده باشد.', '2026-04-18 04:55:11'),
(19, 35, 18, 5, 'تاملات مارکوس اورلیوس همیشه الهام بخش بوده. ترجمه خوبی هم داره.', '2026-02-03 15:00:00', NULL, NULL),
(20, 44, 19, 4, 'داستان جذابی داره ولی پایانش کمی قابل پیش بینی بود.', '2026-02-07 09:55:00', NULL, NULL),
(21, 45, 20, 5, 'مت هیگ باز هم شاهکار آفریده. کتابی که آدم رو به فکر فرو می‌بره.', '2026-02-12 12:10:00', 'سپاسگزاریم. کتاب‌های مت هیگ واقعاً خاص هستند.', '2026-04-18 04:54:54'),
(22, 50, 21, 4, 'برای نوازندگان مبتدی کتاب خوبیه ولی مثال‌ها می‌تونستن بیشتر باشن.', '2026-02-14 06:50:00', NULL, NULL),
(23, 54, 22, 5, 'کتابی که دیدگاه آدم رو نسبت به تنهایی کاملاً تغییر میده.', '2026-02-17 13:45:00', 'خیلی خوشحالیم که کتاب براتون تاثیرگذار بوده.', '2026-04-18 04:54:45'),
(26, 51, 14, 5, 'خوب بود من راضی بودم', '2026-04-18 04:52:47', 'ممنون از نظر شما.', '2026-04-18 04:54:13'),
(27, 24, 17, 4, 'کتاب خوبی بود ولی بعضی قسمت‌ها خیلی طولانی شده بود. در کل برای آشنایی با نادرشاه مناسبه.', '2026-02-20 07:00:00', NULL, NULL),
(28, 24, 19, 5, 'فوقالعاده بود! نثر روان و داستان جذاب. حتماً توصیه می‌کنم.', '2026-03-05 10:45:00', NULL, NULL),
(29, 25, 18, 5, 'کتاب مختصر و مفیدی بود. برای شروع مطالعه درباره کوروش عالیه.', '2026-02-25 05:50:00', NULL, NULL),
(30, 25, 20, 3, 'اطلاعات خوبی داره ولی انتظار بیشتری داشتم. می‌تونست جامع‌تر باشه.', '2026-03-10 13:10:00', NULL, NULL),
(31, 26, 15, 5, 'یکی از بهترین کتاب‌هایی که خوندم. تاریخ رو به زبون ساده توضیح داده.', '2026-01-10 07:30:00', NULL, NULL),
(32, 26, 16, 4, 'کتاب خوبی برای آشنایی کلی با تاریخه. برای مطالعه عمیق‌تر باید سراغ منابع دیگه رفت.', '2026-01-18 10:00:00', NULL, NULL),
(33, 26, 21, 5, 'گامبریچ واقعاً استاد روایت تاریخه. این کتاب رو باید همه بخونن.', '2026-02-05 05:15:00', NULL, NULL),
(34, 26, 22, 4, 'ترجمه خوب و روان. بعضی بخش‌ها خلاصه بود ولی در کل راضیم.', '2026-02-28 11:50:00', NULL, NULL),
(35, 27, 17, 4, 'پژوهش جالبی بود. نویسنده زحمت زیادی کشیده.', '2026-01-15 06:30:00', NULL, NULL),
(36, 27, 19, 3, 'کتاب تخصصی و برای محققان مناسبه. برای عموم یکم سنگینه.', '2026-02-10 08:45:00', NULL, NULL),
(37, 27, 14, 4, 'تحقیق میدانی خوبی انجام شده. به علاقه‌مندان تاریخ باستان توصیه می‌کنم.', '2026-03-01 06:00:00', NULL, NULL),
(38, 28, 16, 5, 'کتاب جامع و کاملی درباره تاریخ شوروی. خیلی لذت بردم.', '2026-01-20 10:30:00', NULL, NULL),
(39, 28, 18, 4, 'تحلیل خوبی از دوران مختلف شوروی داره. به سیاست‌مداران توصیه می‌کنم.', '2026-02-15 07:50:00', NULL, NULL),
(40, 28, 20, 5, 'بی‌طرفانه نوشته شده. هم نقاط قوت رو گفته هم ضعف‌ها رو.', '2026-03-08 13:15:00', NULL, NULL),
(41, 29, 15, 5, 'کتابی که اشک آدم رو درمیاره. واقعاً تاریخ ایران پر از غم و حماسه است.', '2026-01-25 05:00:00', NULL, NULL),
(42, 29, 17, 5, 'ذبیح‌الله صفا واقعاً استاد تاریخه. این کتاب رو حتماً بخونید.', '2026-02-08 09:30:00', NULL, NULL),
(43, 29, 21, 4, 'روایت جذابی از مقاومت مردم ایران. بعضی بخش‌ها خیلی غم‌انگیزه.', '2026-03-12 06:45:00', NULL, NULL),
(44, 30, 19, 5, 'کتاب عالی برای درک علل و نتایج جنگ جهانی اول.', '2026-01-12 12:00:00', NULL, NULL),
(45, 30, 22, 4, 'خلاصه و مفید. برای آشنایی اولیه خوبه.', '2026-02-20 05:30:00', NULL, NULL),
(46, 30, 14, 5, 'نویسنده خوب تونسته پیچیدگی‌های جنگ رو ساده کنه.', '2026-03-15 10:50:00', NULL, NULL),
(47, 31, 16, 5, 'تحلیل جامعه‌شناختی عالی از انقلاب ایران. حتماً بخونید.', '2026-01-28 08:15:00', NULL, NULL),
(48, 31, 18, 4, 'کتاب علمی و مستندیه. برای پژوهشگران مناسبه.', '2026-02-18 12:30:00', NULL, NULL),
(49, 31, 20, 5, 'کورزمن واقعاً منصفانه نوشته. از زوایای مختلف بررسی کرده.', '2026-03-20 06:00:00', NULL, NULL),
(50, 32, 15, 4, 'کتاب خوبی برای شناخت یکی از تأثیرگذارترین زنان صدر اسلام.', '2026-02-01 06:30:00', NULL, NULL),
(51, 32, 17, 5, 'مستند و دقیق. نویسنده تحقیق کاملی انجام داده.', '2026-02-22 09:45:00', NULL, NULL),
(52, 32, 21, 4, 'برای علاقه‌مندان به تاریخ اسلام کتاب مفیدیه.', '2026-03-18 05:15:00', NULL, NULL),
(53, 33, 19, 5, 'نثر بیهقی واقعاً شاهکاره. این کتاب فقط تاریخ نیست، ادبیات ناب فارسیه.', '2026-01-08 05:30:00', NULL, NULL),
(54, 33, 22, 5, 'یکی از بهترین کتاب‌های تاریخ ادبیات فارسی. حیف که کامل به دست ما نرسیده.', '2026-01-30 11:00:00', NULL, NULL),
(55, 33, 14, 5, 'هر ایرانی باید این کتاب رو بخونه. واقعاً گنجینه است.', '2026-02-25 07:30:00', NULL, NULL),
(56, 33, 16, 4, 'کتاب سنگینیه ولی ارزش خوندن داره. نثرش یکم سخته ولی عالیه.', '2026-03-10 12:15:00', NULL, NULL),
(57, 34, 15, 5, 'بهترین کتاب فرزندپروری که تا حالا خوندم. دکتر بکی عالیه.', '2026-02-12 04:30:00', NULL, NULL),
(58, 34, 20, 4, 'راهکارهای عملی و قابل اجرا. به همه والدین توصیه می‌کنم.', '2026-03-05 10:00:00', NULL, NULL),
(59, 35, 16, 5, 'کتابی که باید هر چند وقت یکبار خوند. پر از حکمته.', '2026-02-08 06:45:00', NULL, NULL),
(60, 35, 21, 5, 'مارکوس اورلیوس واقعاً فیلسوف بزرگی بود. این کتاب رو همیشه همراه دارم.', '2026-03-01 05:30:00', NULL, NULL),
(61, 36, 17, 4, 'کتاب خوبی برای والدینی که بچه‌های دهه هشتادی و نودی دارن.', '2026-01-18 10:30:00', NULL, NULL),
(62, 36, 19, 5, 'تحلیل جالبی از نسل جدید. به معلم‌ها هم توصیه می‌کنم.', '2026-02-14 08:00:00', NULL, NULL),
(63, 36, 22, 4, 'اطلاعات مفیدی داره. بعضی بخش‌ها می‌تونست عمیق‌تر باشه.', '2026-03-08 12:45:00', NULL, NULL),
(64, 37, 15, 5, 'کتابی که همه والدین باید بخونن. هایت عالیه.', '2026-01-22 06:15:00', NULL, NULL),
(65, 37, 18, 5, 'تحلیل دقیق از تأثیر فضای مجازی روی بچه‌ها. هشداردهنده است.', '2026-02-18 09:30:00', NULL, NULL),
(66, 37, 20, 4, 'کتاب خوب و به‌روزیه. راهکارهای عملی هم داره.', '2026-03-12 07:00:00', NULL, NULL),
(67, 38, 16, 5, 'کتاب کاربردی و مفید. از خوندنش خیلی چیزها یاد گرفتم.', '2026-01-26 07:30:00', NULL, NULL),
(68, 38, 19, 4, 'راهکارهای خوبی داره. برای والدین پرمشغله مناسبه.', '2026-02-22 11:15:00', NULL, NULL),
(69, 38, 21, 5, 'نویسنده خیلی خوب مسائل رو توضیح داده. حتماً بخونید.', '2026-03-15 05:00:00', NULL, NULL),
(70, 39, 17, 4, 'کتاب جالبیه. ارتباط ریاضی و معنویت رو خوب توضیح داده.', '2026-01-14 11:30:00', NULL, NULL),
(71, 39, 22, 5, 'برای علاقه‌مندان به هندسه و عرفان کتاب عالیه.', '2026-02-10 06:45:00', NULL, NULL),
(72, 39, 14, 4, 'دایرةالمعارف کاملی از مفاهیم هندسه مقدس. مرجع خوبیه.', '2026-03-05 10:15:00', NULL, NULL),
(73, 40, 15, 5, 'کتاب کاملی برای شروع کشت هیدروپونیک. همه چیز رو توضیح داده.', '2026-01-30 04:30:00', NULL, NULL),
(74, 40, 18, 4, 'برای مبتدی‌ها عالیه. تصاویر و جداول کمک زیادی می‌کنه.', '2026-02-26 09:00:00', NULL, NULL),
(75, 40, 20, 5, 'هاوارد رش واقعاً متخصصه. این کتاب رو به همه توصیه می‌کنم.', '2026-03-18 05:45:00', NULL, NULL),
(76, 41, 16, 5, 'معرفی عالی از فلسفه چین باستان. خیلی لذت بردم.', '2026-02-02 06:30:00', NULL, NULL),
(77, 41, 19, 4, 'کتاب خوبی برای آشنایی با کنفوسیوس و لائوتسه.', '2026-02-20 10:45:00', NULL, NULL),
(78, 41, 21, 5, 'ترجمه روان و خوب. مفاهیم پیچیده رو ساده توضیح داده.', '2026-03-10 08:00:00', NULL, NULL),
(79, 42, 17, 5, 'کتاب مرجع برای پرورش قارچ. همه چیز رو گام به گام گفته.', '2026-01-10 09:30:00', NULL, NULL),
(80, 42, 22, 4, 'برای کسانی که می‌خوان کسب و کار پرورش قارچ راه بندازن عالیه.', '2026-02-05 06:15:00', NULL, NULL),
(81, 42, 14, 5, 'کتاب مورد تأیید سازمان فنی و حرفه‌ای. واقعاً کامله.', '2026-03-01 12:00:00', NULL, NULL),
(82, 43, 15, 5, 'بهترین کتاب زیست‌شناسی. برای کنکور و دانشگاه عالیه.', '2026-01-18 05:00:00', NULL, NULL),
(83, 43, 18, 5, 'کمپبل واقعاً استاندارد طلایی آموزش زیست‌شناسیه.', '2026-02-12 07:30:00', NULL, NULL),
(84, 43, 20, 4, 'کتاب حجیمیه ولی ارزشش رو داره. تصاویر باکیفیت و توضیحات کامل.', '2026-03-08 10:50:00', NULL, NULL),
(85, 44, 15, 4, 'داستان جذاب و شخصیت‌پردازی خوب. یه رمان فانتزی سرگرم‌کننده.', '2026-02-15 09:30:00', NULL, NULL),
(86, 44, 21, 5, 'تری شیا لونسلر واقعاً داستان‌سرای خوبیه. منتظر جلد بعدی هستم.', '2026-03-12 07:15:00', NULL, NULL),
(87, 45, 17, 5, 'مت هیگ همیشه عالیه. این کتاب هم مثل بقیه کتاب‌هاش فوق‌العاده است.', '2026-02-20 06:00:00', NULL, NULL),
(88, 45, 19, 4, 'داستان قشنگی داره. پیام‌های عمیقی درباره زندگی و امید.', '2026-03-15 10:30:00', NULL, NULL),
(89, 46, 16, 5, 'یکی از بهترین رمان‌های پادآرمانشهری که خوندم. روبر مرل عالیه.', '2026-01-22 11:30:00', NULL, NULL),
(90, 46, 18, 5, 'داستان بقا بعد از آخرالزمان. خیلی جذاب و پرکشش.', '2026-02-18 07:00:00', NULL, NULL),
(91, 46, 22, 4, 'کتاب حجیمیه ولی ارزش خوندن داره. شخصیت‌ها عمیق هستن.', '2026-03-10 09:45:00', NULL, NULL),
(92, 47, 15, 5, 'جرج مارتین نابغه است. این جلد واقعاً شاهکاره.', '2026-01-28 07:30:00', NULL, NULL),
(93, 47, 19, 5, 'بهترین جلد مجموعه. پر از اتفاقات غیرمنتظره.', '2026-02-22 11:15:00', NULL, NULL),
(94, 47, 20, 4, 'کتاب عالیه ولی ترجمه می‌تونست بهتر باشه.', '2026-03-18 05:30:00', NULL, NULL),
(95, 48, 17, 4, 'رمان متفاوت و جالبیه. تمثیل خوبی از دیکتاتوری.', '2026-02-01 06:45:00', NULL, NULL),
(96, 48, 21, 5, 'کاسارس واقعاً نویسنده خلاقیه. این کتاب رو حتماً بخونید.', '2026-02-25 09:00:00', NULL, NULL),
(97, 48, 14, 4, 'داستان تکان‌دهنده‌ای درباره تبعیض سنی. خیلی به فکر فرو می‌ره.', '2026-03-14 12:15:00', NULL, NULL),
(98, 49, 16, 5, 'برای شروع یادگیری نت‌خوانی عالیه. خیلی ساده توضیح داده.', '2026-01-12 05:30:00', NULL, NULL),
(99, 49, 18, 4, 'کتاب خوبیه. تمرین‌های عملی داره که کمک می‌کنه.', '2026-02-08 09:45:00', NULL, NULL),
(100, 49, 22, 5, 'اگر موسیقی کار می‌کنید حتماً این کتاب رو بخونید.', '2026-03-02 07:00:00', NULL, NULL),
(101, 50, 15, 5, 'کتاب جامعی درباره تئوری موسیقی ایرانی. فرشید بیانی شهری واقعاً استاده.', '2026-02-05 10:30:00', NULL, NULL),
(102, 50, 20, 4, 'برای هنرجوهای موسیقی ایرانی عالیه. دستگاه‌ها رو کامل توضیح داده.', '2026-03-08 08:15:00', NULL, NULL),
(103, 51, 17, 5, 'بهترین کتاب برای یادگیری تئوری موسیقی. از صفر شروع می‌کنه.', '2026-02-10 05:00:00', NULL, NULL),
(104, 51, 19, 4, 'کتاب خوب و کاملیه. برای مبتدی‌ها عالیه.', '2026-03-05 09:30:00', NULL, NULL),
(105, 52, 16, 5, 'کتاب عالی برای کسانی که می‌خوان آواز رو اصولی یاد بگیرن.', '2026-01-20 06:30:00', NULL, NULL),
(106, 52, 21, 4, 'تمرین‌های خوبی داره. برای خواننده‌های مبتدی مناسبه.', '2026-02-15 11:00:00', NULL, NULL),
(107, 52, 14, 5, 'پاملیا فیلیپس واقعاً معلم خوبیه. این کتاب رو توصیه می‌کنم.', '2026-03-10 05:45:00', NULL, NULL),
(108, 53, 15, 5, 'برای شروع یادگیری پیانو عالیه. روش آیلین آگاهی واقعاً کاربردیه.', '2026-01-25 08:00:00', NULL, NULL),
(109, 53, 18, 4, 'کتاب خوبیه. تمرین‌ها تدریجی و قابل فهم هستن.', '2026-02-20 11:30:00', NULL, NULL),
(110, 53, 22, 5, 'اگر می‌خواید پیانو یاد بگیرید این کتاب رو از دست ندید.', '2026-03-12 06:30:00', NULL, NULL),
(111, 54, 16, 5, 'کتابی که دیدگاهت رو نسبت به تنهایی عوض می‌کنه. واقعاً عالیه.', '2026-02-18 06:15:00', NULL, NULL),
(112, 54, 20, 4, 'پیام‌های خوبی داره. بعضی بخش‌ها یکم تکراری بود.', '2026-03-15 10:00:00', NULL, NULL),
(113, 55, 17, 5, 'دیوید هاوکینز واقعاً استاد معنویته. این کتاب زندگی آدم رو تغییر میده.', '2026-01-15 10:30:00', NULL, NULL),
(114, 55, 19, 5, 'کتابی که باید چند بار خوند. هر بار نکته جدیدی ازش یاد می‌گیری.', '2026-02-10 06:45:00', NULL, NULL),
(115, 55, 21, 4, 'مفاهیم عمیقی داره. برای کسانی که دنبال آرامش هستن عالیه.', '2026-03-05 08:00:00', NULL, NULL),
(116, 56, 15, 5, 'هاکان منگوچ واقعاً مولانا رو خوب فهمیده. کتاب عالی و کاربردی.', '2026-01-22 04:30:00', NULL, NULL),
(117, 56, 18, 5, 'ترکیب عرفان مولانا با روانشناسی مدرن. واقعاً شاهکاره.', '2026-02-18 09:15:00', NULL, NULL),
(118, 56, 22, 4, 'کتاب خوبیه. بعضی قانون‌ها واقعاً تأثیرگذار هستن.', '2026-03-10 10:30:00', NULL, NULL),
(119, 57, 16, 4, 'کتاب انگیزشی خوبیه. نکات کاربردی برای موفقیت داره.', '2026-01-28 10:00:00', NULL, NULL),
(120, 57, 20, 5, 'تیبو موریس واقعاً نویسنده خوبیه. این کتاب رو حتماً بخونید.', '2026-02-22 05:45:00', NULL, NULL),
(121, 57, 14, 4, 'برای کسانی که می‌خوان زندگیشون رو تغییر بدن کتاب مفیدیه.', '2026-03-15 07:15:00', NULL, NULL),
(122, 58, 17, 5, 'کتاب خنده‌دار و در عین حال تلخ. واقعاً بعضی رفتارها رو خوب نقد کرده.', '2026-02-01 11:30:00', NULL, NULL),
(123, 58, 19, 4, 'طنز جالبی داره. به آدم یادآوری می‌کنه که گاهی خودمون هم بیشعوریم.', '2026-02-25 08:00:00', NULL, NULL),
(124, 58, 21, 5, 'کتابی که باید همه بخونن. خاویر کرمنت واقعاً خوب نوشته.', '2026-03-18 09:45:00', NULL, NULL);

-- --------------------------------------------------------

--
-- Table structure for table `messages`
--

CREATE TABLE `messages` (
  `message_id` int(11) NOT NULL,
  `user_name` varchar(100) NOT NULL,
  `user_email` varchar(100) NOT NULL,
  `message` text NOT NULL,
  `created_at` timestamp NOT NULL DEFAULT current_timestamp()
) ENGINE=InnoDB DEFAULT CHARSET=utf8mb4 COLLATE=utf8mb4_persian_ci;

-- --------------------------------------------------------

--
-- Table structure for table `orders`
--

CREATE TABLE `orders` (
  `order_id` int(11) NOT NULL,
  `user_id` int(11) NOT NULL,
  `book_id` int(11) NOT NULL,
  `order_date` timestamp NOT NULL DEFAULT current_timestamp(),
  `quantity` int(11) NOT NULL,
  `total_price` int(11) NOT NULL
) ENGINE=InnoDB DEFAULT CHARSET=utf8mb4 COLLATE=utf8mb4_persian_ci;

--
-- Dumping data for table `orders`
--

INSERT INTO `orders` (`order_id`, `user_id`, `book_id`, `order_date`, `quantity`, `total_price`) VALUES
(205, 15, 24, '2026-01-16 07:50:00', 1, 69000),
(206, 15, 25, '2026-01-16 07:50:00', 2, 39800),
(207, 16, 34, '2026-01-21 11:40:00', 1, 65000),
(208, 16, 35, '2026-01-21 11:40:00', 1, 59000),
(209, 17, 44, '2026-01-26 07:15:00', 1, 49500),
(210, 17, 45, '2026-01-26 07:15:00', 1, 65000),
(211, 18, 50, '2026-02-02 14:00:00', 1, 67000),
(212, 18, 51, '2026-02-02 14:00:00', 1, 126000),
(213, 19, 54, '2026-02-06 08:45:00', 2, 76000),
(214, 20, 56, '2026-02-11 10:50:00', 1, 75000),
(215, 20, 57, '2026-02-11 10:50:00', 1, 45000),
(216, 21, 43, '2026-02-13 06:20:00', 1, 90000),
(217, 22, 30, '2026-02-16 13:10:00', 1, 59000),
(218, 22, 31, '2026-02-16 13:10:00', 1, 75000),
(219, 15, 38, '2026-02-18 07:00:00', 1, 50000),
(220, 16, 42, '2026-02-20 09:45:00', 1, 90000),
(242, 14, 27, '2026-04-18 05:49:25', 1, 15000),
(243, 14, 36, '2026-04-18 08:18:57', 1, 36200),
(245, 14, 58, '2026-04-24 07:55:44', 2, 60000),
(246, 14, 57, '2026-05-18 15:37:03', 2, 90000),
(247, 14, 30, '2026-05-18 15:37:24', 1, 59000);

-- --------------------------------------------------------

--
-- Table structure for table `users`
--

CREATE TABLE `users` (
  `user_id` int(11) NOT NULL,
  `first_name` varchar(50) NOT NULL,
  `last_name` varchar(50) NOT NULL,
  `username` varchar(50) NOT NULL,
  `address` varchar(255) DEFAULT NULL,
  `email` varchar(100) NOT NULL,
  `password` varchar(255) NOT NULL,
  `user_type` enum('owner','admin','user') DEFAULT 'user',
  `created_at` timestamp NOT NULL DEFAULT current_timestamp()
) ENGINE=InnoDB DEFAULT CHARSET=utf8mb4 COLLATE=utf8mb4_persian_ci;

--
-- Dumping data for table `users`
--

INSERT INTO `users` (`user_id`, `first_name`, `last_name`, `username`, `address`, `email`, `password`, `user_type`, `created_at`) VALUES
(14, 'Hoseiin', 'Mirzaii', 'Hoseiin_28', 'Hamedan', 'mh.mirzaii1382@gmail.com', '$2y$10$Z.dJqBDNnPAhXDwD/WlOwul55YzrzhfuHJ4zHRb9GLMQ3Q3c6zxmK', 'owner', '2026-01-30 19:18:31'),
(15, 'سارا', 'محمدی', 'sara_mohammadi', 'تهران، خیابان انقلاب', 'sara.mohammadi@email.com', '$2y$10$ExampleHashForPassword123', 'user', '2026-01-15 07:00:00'),
(16, 'علی', 'کریمی', 'ali_karimi', 'اصفهان، خیابان چهارباغ', 'ali.karimi@email.com', '$2y$10$ExampleHashForPassword456', 'user', '2026-01-20 11:15:00'),
(17, 'فاطمه', 'احمدی', 'fatemeh_ahmadi', 'مشهد، بلوار وکیل آباد', 'fatemeh.ahmadi@email.com', '$2y$10$ExampleHashForPassword789', 'user', '2026-01-25 05:45:00'),
(18, 'رضا', 'جعفری', 'reza_jafari', 'شیراز، خیابان زند', 'reza.jafari@email.com', '$2y$10$ExampleHashForPassword012', 'user', '2026-02-01 12:50:00'),
(19, 'مریم', 'حسینی', 'maryam_hosseini', 'تبریز، خیابان امام', 'maryam.hosseini@email.com', '$2y$10$ExampleHashForPassword345', 'user', '2026-02-05 07:40:00'),
(20, 'محمد', 'نظری', 'mohammad_nazari', 'کرج، بلوار مطهری', 'mohammad.nazari@email.com', '$2y$10$ExampleHashForPassword678', 'user', '2026-02-10 09:55:00'),
(21, 'نازنین', 'رحمتی', 'nazanin_rahmati', 'رشت، میدان شهرداری', 'nazanin.rahmati@email.com', '$2y$10$ExampleHashForPassword901', 'user', '2026-02-12 05:10:00'),
(22, 'حسین', 'مرادی', 'hossein_moradi', 'اهواز، کیانپارس', 'hossein.moradi@email.com', '$2y$10$ExampleHashForPassword234', 'user', '2026-02-15 12:00:00'),
(23, 'علی', 'میرزایی', 'Ali', 'همدان', 'Ali@gmail.com', '$2y$10$IfkkEJOENdZxuV9BQs9gDuWmCC3dxO8Gr35xW50gwOwBJzS4zirPK', 'admin', '2026-04-26 04:16:19');

--
-- Indexes for dumped tables
--

--
-- Indexes for table `admin_permissions`
--
ALTER TABLE `admin_permissions`
  ADD PRIMARY KEY (`permission_id`),
  ADD UNIQUE KEY `admin_page_unique` (`admin_id`,`page_name`);

--
-- Indexes for table `ai_chats`
--
ALTER TABLE `ai_chats`
  ADD PRIMARY KEY (`chat_id`),
  ADD KEY `user_id` (`user_id`);

--
-- Indexes for table `books`
--
ALTER TABLE `books`
  ADD PRIMARY KEY (`book_id`),
  ADD KEY `category_id` (`category_id`);

--
-- Indexes for table `categories`
--
ALTER TABLE `categories`
  ADD PRIMARY KEY (`category_id`),
  ADD UNIQUE KEY `category_slug` (`category_slug`),
  ADD KEY `parent_id` (`parent_id`);

--
-- Indexes for table `comments`
--
ALTER TABLE `comments`
  ADD PRIMARY KEY (`comment_id`),
  ADD KEY `book_id` (`book_id`),
  ADD KEY `user_id` (`user_id`);

--
-- Indexes for table `messages`
--
ALTER TABLE `messages`
  ADD PRIMARY KEY (`message_id`);

--
-- Indexes for table `orders`
--
ALTER TABLE `orders`
  ADD PRIMARY KEY (`order_id`),
  ADD KEY `user_id` (`user_id`),
  ADD KEY `book_id` (`book_id`);

--
-- Indexes for table `users`
--
ALTER TABLE `users`
  ADD PRIMARY KEY (`user_id`),
  ADD UNIQUE KEY `username` (`username`),
  ADD UNIQUE KEY `email` (`email`);

--
-- AUTO_INCREMENT for dumped tables
--

--
-- AUTO_INCREMENT for table `admin_permissions`
--
ALTER TABLE `admin_permissions`
  MODIFY `permission_id` int(11) NOT NULL AUTO_INCREMENT, AUTO_INCREMENT=10;

--
-- AUTO_INCREMENT for table `ai_chats`
--
ALTER TABLE `ai_chats`
  MODIFY `chat_id` int(11) NOT NULL AUTO_INCREMENT, AUTO_INCREMENT=13;

--
-- AUTO_INCREMENT for table `books`
--
ALTER TABLE `books`
  MODIFY `book_id` int(11) NOT NULL AUTO_INCREMENT, AUTO_INCREMENT=59;

--
-- AUTO_INCREMENT for table `categories`
--
ALTER TABLE `categories`
  MODIFY `category_id` int(11) NOT NULL AUTO_INCREMENT, AUTO_INCREMENT=7;

--
-- AUTO_INCREMENT for table `comments`
--
ALTER TABLE `comments`
  MODIFY `comment_id` int(11) NOT NULL AUTO_INCREMENT, AUTO_INCREMENT=126;

--
-- AUTO_INCREMENT for table `messages`
--
ALTER TABLE `messages`
  MODIFY `message_id` int(11) NOT NULL AUTO_INCREMENT, AUTO_INCREMENT=16;

--
-- AUTO_INCREMENT for table `orders`
--
ALTER TABLE `orders`
  MODIFY `order_id` int(11) NOT NULL AUTO_INCREMENT, AUTO_INCREMENT=248;

--
-- AUTO_INCREMENT for table `users`
--
ALTER TABLE `users`
  MODIFY `user_id` int(11) NOT NULL AUTO_INCREMENT, AUTO_INCREMENT=24;

--
-- Constraints for dumped tables
--

--
-- Constraints for table `admin_permissions`
--
ALTER TABLE `admin_permissions`
  ADD CONSTRAINT `admin_permissions_ibfk_1` FOREIGN KEY (`admin_id`) REFERENCES `users` (`user_id`) ON DELETE CASCADE;

--
-- Constraints for table `ai_chats`
--
ALTER TABLE `ai_chats`
  ADD CONSTRAINT `ai_chats_ibfk_1` FOREIGN KEY (`user_id`) REFERENCES `users` (`user_id`) ON DELETE CASCADE;

--
-- Constraints for table `books`
--
ALTER TABLE `books`
  ADD CONSTRAINT `books_ibfk_1` FOREIGN KEY (`category_id`) REFERENCES `categories` (`category_id`) ON DELETE SET NULL;

--
-- Constraints for table `categories`
--
ALTER TABLE `categories`
  ADD CONSTRAINT `categories_ibfk_1` FOREIGN KEY (`parent_id`) REFERENCES `categories` (`category_id`) ON DELETE SET NULL;

--
-- Constraints for table `comments`
--
ALTER TABLE `comments`
  ADD CONSTRAINT `comments_ibfk_1` FOREIGN KEY (`book_id`) REFERENCES `books` (`book_id`) ON DELETE CASCADE,
  ADD CONSTRAINT `comments_ibfk_2` FOREIGN KEY (`user_id`) REFERENCES `users` (`user_id`) ON DELETE CASCADE;

--
-- Constraints for table `orders`
--
ALTER TABLE `orders`
  ADD CONSTRAINT `orders_ibfk_1` FOREIGN KEY (`user_id`) REFERENCES `users` (`user_id`) ON DELETE CASCADE,
  ADD CONSTRAINT `orders_ibfk_2` FOREIGN KEY (`book_id`) REFERENCES `books` (`book_id`) ON DELETE CASCADE;
COMMIT;

/*!40101 SET CHARACTER_SET_CLIENT=@OLD_CHARACTER_SET_CLIENT */;
/*!40101 SET CHARACTER_SET_RESULTS=@OLD_CHARACTER_SET_RESULTS */;
/*!40101 SET COLLATION_CONNECTION=@OLD_COLLATION_CONNECTION */;
